id,domain,status,purchase_price,renewal_price,attractiveness,demand,length,registrar,created_at,expires_at,status_verified_at
acdcfbcc-5bbe-4af6-a0ee-95867ae10749,food.cooking,premium,220,26.97,high,medium,4,dynadot,,,08/10/2026 22:17
5383a53d-cbde-48a9-a2c2-02a334064d0f,food.bar,premium,3105,3105,high,medium,4,namesilo,,,08/10/2026 22:17
ff0b7d69-10a7-4ff4-9317-63904fb1a1ee,food.rest,premium,3105,3105,high,medium,4,namesilo,,,08/10/2026 22:17
d2c88746-d676-400c-bda2-7a1b91212760,food.pub,premium,1107,1107,high,medium,4,namesilo,,,08/10/2026 22:17
4a5700aa-2bd5-45e7-8041-bcc7a5dec45c,food.pizza,premium,242,242,high,medium,4,namesilo,,,08/10/2026 22:17
7c47308b-0361-465e-91f0-53ae776ad04b,food.sydney,available,58,58,high,medium,4,namesilo,,,08/10/2026 22:17
4c06c638-9f6c-44c4-8d32-769ed2e81ea0,food.industries,resell,,,high,medium,4,Dynadot Inc,29/03/2020 17:12,29/03/2027 17:12,08/10/2026 22:17
f20f0024-682a-49ff-a970-9460f8d5b5de,food.london,resell,,,high,medium,4,Porkbun LLC,31/08/2015 23:05,31/08/2027 23:59,08/10/2026 22:17
7399f519-6044-46b3-961f-cfddd424b566,food.express,resell,,,high,medium,4,"Spaceship, Inc.",15/07/2015 16:00,15/07/2027 16:00,08/10/2026 22:17
1324f776-9aa3-4b7b-8ea5-3688d2a2244f,food.cx,resell,,,high,medium,4,West263 International Limited,07/09/2024 20:21,07/09/2027 20:21,08/10/2026 22:17
aa187d86-8522-46a1-860a-58b7cf5270a6,food.lifestyle,premium,1449.2,2070.2,high,medium,4,spaceship,,,08/10/2026 22:17
e4ba0a58-130b-4398-a8c6-3a850bd42e06,food.holdings,premium,242,242,high,medium,4,namesilo,,,08/10/2026 22:17
7881b464-9617-4f95-a4bd-dc67d2e827d0,food.hamburg,resell,,,high,medium,4,,20/04/2016 14:53,20/04/2027 14:53,08/10/2026 22:17
bbe7c92f-a5d3-4350-b1ce-437fce33566d,food.hockey,available,59.99,59.99,high,medium,4,namesilo,,,08/10/2026 22:17
0f4b4199-4b9f-4a17-8b31-2ca1037ebdb0,food.fun,premium,6900,6900,high,medium,4,namesilo,,,08/10/2026 22:17
467cbe00-7f5b-4ffc-9354-53596b43522d,food.software,premium,512,512,high,medium,4,namesilo,,,08/10/2026 22:17
0ee0e37c-ccd8-45b0-8e18-c5a8699c26db,food.garden,resell,,,high,medium,4,"Spaceship, Inc.",23/04/2021 16:17,23/04/2027 16:17,08/10/2026 22:17
722e5daa-7221-4d5c-a1c8-155646349c7c,food.icu,premium,390,780,high,medium,4,namecheap,,,08/10/2026 22:17
b14bcb9f-af8e-4f33-baef-1961a906e1f1,food.fans,premium,258.95,517.7,high,medium,4,spaceship,,,08/10/2026 22:17
e5e55df7-eeb3-4732-86d6-3ffc85b4cfa6,food.store,premium,2587.7,10350.2,high,medium,4,spaceship,,,08/10/2026 22:17
12db862d-9649-4fd4-bcf5-4ac453c1684e,food.college,premium,640,640,high,medium,4,namesilo,,,08/10/2026 22:17
11596159-3635-43df-92cd-7df32f9b2bd7,food.immobilien,available,30.22,30.22,high,medium,4,spaceship,,,08/10/2026 22:17
d740e054-dfbe-4d1b-92a8-8e43e4119874,food.accountants,available,117.99,117.99,high,medium,4,namesilo,,,08/10/2026 22:17
fafc0f0b-b7a6-4f90-b3df-ca0095c39d4f,food.directory,resell,,,high,medium,4,"Sav.com, LLC",19/05/2026 02:41,19/05/2027 02:41,08/10/2026 22:17
ec559946-2e68-47d7-a7bf-70d785e04402,food.site,premium,6900,6900,high,medium,4,namesilo,,,08/10/2026 22:17
f19a2b74-2288-4298-826b-b056b4c23817,food.accountant,premium,455,65,high,medium,4,namecheap,,,08/10/2026 22:17
710ea07a-9eff-4393-8684-a6349909b603,food.singles,available,26.2,26.2,high,medium,4,cloudflare,,,08/10/2026 22:17
abe01d7f-5b81-4d80-95ae-39a2c571b271,food.health,resell,,,high,medium,4,"Spaceship, Inc.",28/03/2023 01:49,28/03/2027 01:49,08/10/2026 22:17
f9bc61a4-68ea-497c-986f-0542711ddc1b,food.vision,premium,242,242,high,medium,4,namesilo,,,08/10/2026 22:17
f1794bf7-4bb1-4258-8a2c-7cb3604ce16d,food.ceo,premium,254.72,254.72,high,medium,4,namesilo,,,08/10/2026 22:17
1e8f1abf-bf7f-4e2b-ba82-b79da34a1e8f,food.flowers,available,93.35,103.4,high,medium,4,spaceship,,,08/10/2026 22:17
4dfd2f3e-91ec-4685-86b2-e093a9618b69,food.mortgage,premium,207.2,207.2,high,medium,4,spaceship,,,08/10/2026 22:17
43e61749-b705-4027-9169-40a76cce3b3e,food.guide,premium,9315.2,9315.2,high,medium,4,spaceship,,,08/10/2026 22:17
679344db-0668-46ec-8610-4466cc3ddca3,beverage.restaurant,available,20.99,64.99,high,low,8,namesilo,,,07/10/2026 00:20
5cea1dcd-fc24-4f46-b5fa-da43017fc64a,food.style,resell,,,high,medium,4,"GoDaddy.com, LLC",14/08/2015 20:41,14/08/2027 20:41,08/10/2026 22:17
24c9f435-f1cb-4dd7-a12d-d4fd414e5194,food.mov,premium,1034.17,1034.17,high,medium,4,spaceship,,,08/10/2026 22:17
e8480ff2-13db-4919-a9b7-f983076c0ef3,food.construction,available,31.25,31.25,high,medium,4,spaceship,,,08/10/2026 22:17
90c48e69-8d01-45cd-b4a4-d67a863fba97,food.forex,available,11.98,148.98,high,medium,4,namecheap,,,08/10/2026 22:17
e4649fc7-11f0-4add-83bb-9f8b35f23bc2,food.salon,available,57.99,57.99,high,medium,4,namesilo,,,08/10/2026 22:17
f1b1b914-1a11-428d-98aa-49076efd8aba,food.engineer,premium,1035.2,1035.2,high,medium,4,spaceship,,,08/10/2026 22:17
50b82993-1a89-4c91-ae63-a952345c5157,food.gay,premium,103.7,103.7,high,medium,4,spaceship,,,08/10/2026 22:17
3c57831d-c83e-46e3-8bda-82fc70553547,food.marketing,resell,,,high,medium,4,Dynadot Inc,24/06/2020 13:24,24/06/2027 13:24,08/10/2026 22:17
72dcf3ba-9ec3-4b81-9d9e-1c016ef425fe,food.spot,premium,1107,1107,high,medium,4,namesilo,,,08/10/2026 22:17
f375bd78-0a39-4880-a261-956750e695ca,food.cyou,premium,384,768,high,medium,4,namesilo,,,08/10/2026 22:17
3529c740-b698-4ea7-8177-b54a365e0920,food.delivery,resell,,,high,medium,4,GoDaddy Online Services Cayman Islands Ltd.,06/02/2015 16:00,06/02/2027 16:00,08/10/2026 22:17
27feedfe-dac6-4a74-bea5-59ae4a50d3b6,food.airforce,available,83,83,high,medium,4,spaceship,,,08/10/2026 22:17
76d641da-dd10-4ea6-8ff6-64db97268493,food.shoes,available,31.25,51.95,high,medium,4,spaceship,,,08/10/2026 22:17
30d4fd67-480a-455f-a4e2-2b1f2bc5aab2,food.works,resell,,,high,medium,4,"GoDaddy.com, LLC",16/08/2015 23:26,16/08/2027 23:26,08/10/2026 22:17
9653b6ed-5404-42b6-89c2-9db4988488cc,food.download,premium,6900,116,high,medium,4,namesilo,,,08/10/2026 22:17
d6f01af4-8128-44a7-9490-a6ec6e775933,food.schule,available,22.2,22.2,high,medium,4,cloudflare,,,08/10/2026 22:17
ad36d34e-13c3-4cdf-ab5a-8e97f538727e,food.build,premium,517.7,517.7,high,medium,4,spaceship,,,08/10/2026 22:17
0d26c397-77d1-4d64-af2f-6b78c1ecf9eb,food.press,premium,1950,3900,high,medium,4,namecheap,,,08/10/2026 22:17
476c105c-eb84-4584-8979-2558bafa3fbf,food.racing,premium,130,130,high,medium,4,namecheap,,,08/10/2026 22:17
eb11d5aa-9ee7-4025-bdb3-2120246070b7,food.tel,resell,,,high,medium,4,RegistryGate GmbH,16/03/2009 14:03,22/03/2027 23:59,08/10/2026 22:17
b264cb71-c420-4bf1-b10d-289efb2a51ae,food.protection,available,2064.2,2064.2,high,medium,4,spaceship,,,08/10/2026 22:17
e4b60329-e043-4421-9738-bb13e7555935,food.glass,available,58.16,58.16,high,medium,4,spaceship,,,08/10/2026 22:17
429b1f96-3587-4c3f-a876-4782a92ad9df,food.luxe,resell,,,high,medium,4,"GoDaddy.com, LLC",04/05/2021 21:26,04/05/2027 21:26,08/10/2026 22:17
18cfbdfa-fe29-4b9b-ba5b-7cea2bcf2045,food.auction,premium,1035.2,1035.2,high,medium,4,spaceship,,,08/10/2026 22:17
5c2d4fc9-70d2-4ff4-98e2-1094b6770ab5,food.website,premium,5175.2,10350.2,high,medium,4,spaceship,,,08/10/2026 22:17
85a5a9f0-692f-4f9b-b050-71a43b9d4223,food.games,premium,3450,3450,high,medium,4,namesilo,,,08/10/2026 22:17
e92fdf81-ad23-4543-be2f-1111b5fe50f2,food.markets,premium,414.2,414.2,high,medium,4,spaceship,,,08/10/2026 22:17
72e9b8a9-48d9-4b13-b266-27f4c4fd11e9,food.uno,premium,2750,5500,high,medium,4,dynadot,,,08/10/2026 22:17
04167653-ed30-424f-9220-86afd75a7682,food.training,premium,260,260,high,medium,4,namecheap,,,08/10/2026 22:17
96914d8a-bafe-4cd4-8f91-532baa69d618,food.shop,premium,13800,13800,high,medium,4,namesilo,,,08/10/2026 22:17
2ef93396-694b-4ef5-98fd-51d5ba605c3b,food.study,premium,207.2,207.2,high,medium,4,spaceship,,,08/10/2026 22:17
da1ffff7-40f0-4638-8774-4fd8f1ea83fb,food.fail,premium,78.54,78.54,high,medium,4,namesilo,,,08/10/2026 22:17
e5838111-072d-46f0-afbd-4de3f7ee31dd,food.vodka,premium,83,26.08,high,medium,4,spaceship,,,08/10/2026 22:17
1d76fb6e-ac25-402c-a898-fc26d260f7e1,food.llc,premium,550,550,high,medium,4,dynadot,,,08/10/2026 22:17
640f1a4e-3c44-41f1-b06b-4d5e580f53bc,food.tax,premium,68.51,68.51,high,medium,4,spaceship,,,08/10/2026 22:17
e72b2ef5-7ae6-4053-afec-183b0bb04eca,food.in,resell,,,high,medium,4,Hosting Concepts B.V. dba Openprovider,16/02/2005 06:30,16/02/2027 06:30,08/10/2026 22:17
045df429-83cf-41db-b634-194677e7439f,food.melbourne,available,58,58,high,medium,4,namesilo,,,08/10/2026 22:17
88e4a0f9-8079-4752-9a1f-b8f98df8aa06,food.services,resell,260,260,high,medium,4,"Spaceship, Inc.",10/03/2026 19:21,10/03/2027 19:21,08/10/2026 22:17
65033e30-4cb1-429d-aed8-8f01d09c603c,food.institute,resell,,,high,medium,4,Dynadot Inc,29/09/2023 23:29,29/09/2028 23:29,08/10/2026 22:17
d9146eb7-1c07-4571-b432-cb15b91a9eee,food.tires,available,72.44,72.44,high,medium,4,spaceship,,,08/10/2026 22:17
6e8c1f96-ce49-482d-8895-5cfa77fe3940,food.house,resell,,,high,medium,4,"Sav.com, LLC",05/08/2015 16:00,05/08/2027 16:00,08/10/2026 22:17
48c4b0bc-9caa-4c09-9b28-6bb4e00e82d4,food.archi,available,13.14,83,high,medium,4,spaceship,,,08/10/2026 22:17
299f9fed-b369-4d5c-b50f-1465ba35189b,food.rodeo,resell,,,high,medium,4,Porkbun,21/01/2022 02:58,21/01/2027 02:58,08/10/2026 22:17
86e2119b-b077-495a-9de7-4ad4755a65a0,food.democrat,available,5.98,8.48,high,medium,4,namecheap,,,08/10/2026 22:17
2fe92e5f-ea21-4856-8157-1b5dcbb6f5a0,food.run,resell,,,high,medium,4,"Go China Domains, LLC",19/08/2015 16:00,19/08/2027 16:00,08/10/2026 22:17
3dbe340f-474b-4db6-9734-3f29e75a5704,food.creditcard,premium,220,220,high,medium,4,dynadot,,,08/10/2026 22:17
873de2ab-ceea-4236-a39d-df6d28493d76,food.black,resell,,,high,medium,4,"Xiamen ChinaSource Internet Service Co., Ltd",16/12/2025 15:15,16/12/2026 15:15,08/10/2026 22:17
35ee392c-4ca0-4015-a2d1-cf21022d2195,food.foundation,resell,,,high,medium,4,"GoDaddy.com, LLC",01/08/2025 18:01,01/08/2027 18:01,08/10/2026 22:17
cebe7ce0-6cf1-4a08-9534-f34af9d8d6e6,food.theatre,available,465.95,500.18,high,medium,4,spaceship,,,08/10/2026 22:17
664eda11-d5d1-4227-9cec-f8d2c4b4f8c1,food.security,available,2000.2,2000.2,high,medium,4,cloudflare,,,08/10/2026 22:17
5a8ac212-5a4f-4a2c-b7be-9500de734117,food.storage,available,509.99,529.99,high,medium,4,namesilo,,,08/10/2026 22:17
c43324ce-329f-47d6-b93c-0e680118f563,food.reise,available,27.89,97.99,high,medium,4,namesilo,,,08/10/2026 22:17
b738b373-33c1-4ac6-8c24-e9774208a808,food.foo,premium,1034.17,1034.17,high,medium,4,spaceship,,,08/10/2026 22:17
fe2904b9-2c79-4b0b-a105-df6e48b5c145,food.vin,premium,118.8,118.8,high,medium,4,namesilo,,,08/10/2026 22:17
18f1be0c-db8d-4476-a493-a0c9680aa4ec,food.healthcare,premium,102.67,102.67,high,medium,4,spaceship,,,08/10/2026 22:17
0b6c2e1d-d419-43e2-aa92-84d673cb09b7,food.gratis,premium,118.8,118.8,high,medium,4,namesilo,,,08/10/2026 22:17
fe0889a6-7c73-4819-a020-fd80ec649e4a,food.fund,resell,,,high,medium,4,"Spaceship, Inc.",20/08/2014 16:00,20/08/2027 16:00,08/10/2026 22:17
16b0e654-3082-4e1a-af62-81766dd74b3c,food.yoga,resell,,,high,medium,4,"GoDaddy.com, LLC",26/08/2020 19:16,26/08/2027 19:16,08/10/2026 22:17
a98fdf32-808f-4a62-845f-b5c58db29a89,food.taxi,resell,,,high,medium,4,"GoDaddy.com, LLC",16/08/2015 16:00,16/08/2027 16:00,08/10/2026 22:17
ce76e3d8-5834-405d-a960-75800663fcd6,food.moe,premium,96,14.16,high,medium,4,namesilo,,,08/10/2026 22:17
f2c4b85b-e815-4861-97d1-8a61a1edae39,food.mobile,premium,1300,1300,high,medium,4,namecheap,,,08/10/2026 22:17
7486b3d0-d571-46cb-974e-b914f9e408a1,food.sucks,premium,2198.9,2198.9,high,medium,4,dynadot,,,08/10/2026 22:17
fee0e47a-ef16-48bd-8aca-cb572dc033ac,food.events,premium,440,440,high,medium,4,dynadot,,,08/10/2026 22:17
e0c55f69-b5b4-476b-8583-69047b433d13,food.recipes,resell,,,high,medium,4,"NameCheap, Inc.",18/07/2015 16:00,18/07/2027 16:00,08/10/2026 22:17
c49be6a1-e024-4a68-bdf4-8fc1ebe95562,food.red,resell,,,high,medium,4,"Spaceship, Inc.",10/12/2020 14:31,10/12/2026 14:31,08/10/2026 22:17
cb044f01-cd58-45cf-9d73-fd75d2e22b33,food.living,premium,2660,2660,high,medium,4,namesilo,,,08/10/2026 22:17
857e9c30-bf32-4d5e-ab17-3a13633fc489,food.reisen,available,16.76,16.76,high,medium,4,spaceship,,,08/10/2026 22:17
094c4894-71a4-4f0f-b0f2-bf66979ca628,food.skin,premium,832,832,high,medium,4,namesilo,,,08/10/2026 22:17
ce421a3d-5f08-46eb-af88-347b891bd690,food.cricket,available,20.88,20.88,high,medium,4,spaceship,,,08/10/2026 22:17
632632d2-bb75-4233-9a50-30bf873f8cc7,food.sale,premium,1100,1100,high,medium,4,dynadot,,,08/10/2026 22:17
b6471fd9-0ad3-4198-8cca-73939f70ee9f,food.guitars,available,100.2,100.2,high,medium,4,cloudflare,,,08/10/2026 22:17
0293f0ce-0f12-4205-8737-061f7eb39470,food.online,premium,34500,34500,high,medium,4,namesilo,,,08/10/2026 22:17
b67316c3-2d54-4832-919d-2eca2fae64c0,food.party,premium,5500,110,high,medium,4,dynadot,,,08/10/2026 22:17
3300a010-4e58-4969-aa86-4305af00d283,food.bid,resell,,,high,medium,4,Porkbun,26/07/2019 14:41,26/07/2030 14:41,08/10/2026 22:17
a344aeb9-4f4d-459f-a4fc-cb150bb65998,food.flights,premium,118.8,118.8,high,medium,4,namesilo,,,08/10/2026 22:17
48ef7f35-fc60-423a-ac67-46965af4afe3,food.dating,premium,108.9,108.9,high,medium,4,dynadot,,,08/10/2026 22:17
77f7e8ee-335a-493e-8267-416a835e72d8,beverage.vin,available,6.41,47.81,high,low,8,spaceship,,,07/10/2026 00:20
3b0248d2-4844-48e5-aa12-169b0c19adee,food.trading,premium,1035.2,1035.2,high,medium,4,spaceship,,,08/10/2026 22:17
cdca2616-6907-4015-b1c0-ae7b17bc5ed0,food.dental,available,62.3,62.3,high,medium,4,spaceship,,,08/10/2026 22:17
a895eccf-c12f-4a8b-bba8-9291703bdafb,food.courses,premium,260,260,high,medium,4,namecheap,,,08/10/2026 22:17
1b03bd0d-154d-4c5b-b1e6-25f6299d5d06,food.tennis,available,51.95,51.95,high,medium,4,spaceship,,,08/10/2026 22:17
08a66814-357c-4de9-9a6e-c6558c56d535,food.dance,available,21.2,21.2,high,medium,4,cloudflare,,,08/10/2026 22:17
9605d24e-f20d-464e-940e-5178b659c3f8,food.beauty,premium,672.95,672.95,high,medium,4,spaceship,,,08/10/2026 22:17
1f3b9969-e22c-4e71-98d8-b476634b687f,food.irish,resell,,,high,medium,4,Blacknight Internet Solutions Ltd.,01/03/2017 19:23,01/03/2027 19:23,08/10/2026 22:17
189be06d-0c88-4f41-9d6b-50e0734d01ab,drink.bar,premium,3105,3105,high,low,5,namesilo,,,08/10/2026 08:25
5fb8d103-2452-4f53-a82c-ffddb8ca3e1b,food.football,available,10.92,23.76,high,medium,4,dynadot,,,08/10/2026 22:17
93416aaa-c803-4ec0-b92f-585a94ba5e46,food.ltda,premium,52.8,30.18,high,medium,4,dynadot,,,08/10/2026 22:17
2dd0872b-1b84-4e14-aa4d-40f1a5a39c30,food.ing,premium,1345.7,1345.7,high,medium,4,spaceship,,,08/10/2026 22:17
4e9e3e77-c718-4e2f-9e5a-4515a73f5bec,food.zip,premium,1034.17,1034.17,high,medium,4,spaceship,,,08/10/2026 22:17
6e1edf5f-4344-4bde-ba3f-442b6563ba0c,food.domains,premium,260,260,high,medium,4,namecheap,,,08/10/2026 22:17
3618218b-d69d-4a2a-9b2d-ffb3ba2d613a,food.bet,resell,,,high,medium,4,"NameCheap, Inc.",17/06/2023 21:46,17/06/2027 21:46,08/10/2026 22:17
331b57f8-da58-4a20-b9b4-5b7be3752ac2,food.la,resell,148062.5,,high,medium,4,Dynadot LLC,21/02/2008 01:00,21/02/2027 23:59,08/10/2026 22:17
41dc1670-89ad-4414-a93a-36cfea27c287,food.host,premium,2587.7,5175.2,high,medium,4,spaceship,,,08/10/2026 22:17
e0161576-a365-4050-9576-801ab1572049,food.republican,available,5.38,26,high,medium,4,spaceship,,,08/10/2026 22:17
bcde8afa-ca34-4e93-adf7-8e25498a5e20,food.claims,available,10.55,51.95,high,medium,4,spaceship,,,08/10/2026 22:17
a7071d45-51c4-43eb-bab2-8087b6b108db,food.enterprises,resell,,,high,medium,4,Dynadot Inc,19/02/2026 17:00,19/02/2027 17:00,08/10/2026 22:17
8ac4f9e8-8854-435a-83cb-5ab593988c7e,food.shiksha,premium,2200,2200,high,medium,4,dynadot,,,08/10/2026 22:17
ddcb038a-7eec-4773-9481-9f632505b9d2,food.ventures,resell,,,high,medium,4,Dynadot Inc,22/04/2020 08:19,22/04/2028 08:19,08/10/2026 22:17
60c83b2d-1aaf-4ff2-822d-eed5a255100b,food.energy,resell,,,high,medium,4,GoDaddy Online Services Cayman Islands Ltd.,14/09/2018 16:16,14/09/2027 16:16,08/10/2026 22:17
befd017e-ba09-4ac7-9191-eec98d0500a1,food.horse,premium,242,29.5,high,medium,4,namesilo,,,08/10/2026 22:17
1870289e-45d7-4450-99cc-1e4e21c9d042,food.cv,premium,1042.76,69.86,high,medium,4,spaceship,,,08/10/2026 22:17
2fafc256-df67-43c5-a1aa-39a04bb74bdc,beverage.cafe,available,7.25,51.99,high,low,8,namesilo,,,07/10/2026 00:20
dff6dcaa-4670-4dd9-b0d4-8e7ebfffc1e5,food.gallery,resell,,,high,medium,4,Porkbun LLC,12/02/2014 16:00,12/02/2028 16:00,08/10/2026 22:17
e85a4c4b-6cae-4a6d-931c-79a30fe6e4e4,beverage.recipes,premium,512,512,high,low,8,namesilo,,,07/10/2026 00:20
c05a7daa-af39-45d4-be30-cbf9dc201137,food.doctor,resell,,,high,medium,4,"Spaceship, Inc.",02/07/2026 17:01,02/07/2027 17:01,08/10/2026 22:17
bc4fa777-c6d4-4cee-98d4-7d31921d5225,food.webcam,premium,650,84.5,high,medium,4,namecheap,,,08/10/2026 22:17
0a1647b4-e180-4353-b1f2-021da1c939b6,food.auto,available,1999.99,2199,high,medium,4,namesilo,,,08/10/2026 22:17
b5fa1ac1-b408-4303-8a76-4933d3b9ade7,beverage.rest,premium,198,198,high,low,8,dynadot,,,07/10/2026 00:20
6d3fcead-6129-4a1b-b575-2351406af36c,food.video,premium,3450,3450,high,medium,4,namesilo,,,08/10/2026 22:17
6cc85674-db9e-4fe9-ad91-2cd846cfaf1a,drink.rest,premium,326.23,465.95,high,low,5,spaceship,,,08/10/2026 08:25
1f5fc5e2-a533-48a2-9414-860b73985ea3,food.tours,resell,,,high,medium,4,"GoDaddy.com, LLC",04/07/2015 08:51,04/07/2027 08:51,08/10/2026 22:17
a5f3d625-a4b1-4e8f-b00e-dede32b4ad51,food.kiwi,premium,78,78,high,medium,4,namecheap,,,08/10/2026 22:17
ef8b0fb4-c11d-4bae-93df-322e0cff46f4,food.condos,premium,118.8,118.8,high,medium,4,namesilo,,,08/10/2026 22:17
f188116d-5d71-415c-8697-6f71f6a0f597,food.loans,available,90.2,90.2,high,medium,4,cloudflare,,,08/10/2026 22:17
620c9511-411f-4e9d-a779-4596abdff784,food.computer,resell,,,high,medium,4,"NameCheap, Inc.",19/01/2026 07:32,19/01/2027 07:32,08/10/2026 22:17
45d67e04-adb7-4f84-b020-2226777e8b18,food.film,premium,242,242,high,medium,4,namesilo,,,08/10/2026 22:17
a9e06d6e-a98c-4e8a-adc7-08a22693535d,food.surgery,premium,128.7,128.7,high,medium,4,namecheap,,,08/10/2026 22:17
241cc335-4a8b-4c5d-a3f0-67d3b2208ea0,food.locker,premium,1654.52,8.8,high,medium,4,namesilo,,,08/10/2026 22:17
5c44c1c6-2ee6-4ac7-b51c-4e2aad1ce86f,food.cfd,premium,330,660,high,medium,4,dynadot,,,08/10/2026 22:17
5fb10d09-658f-4139-a1e8-c08307221b3b,food.sbs,premium,310.7,621.2,high,medium,4,spaceship,,,08/10/2026 22:17
32e999af-942a-4b04-8eca-400e839adc2f,food.design,premium,2660,2660,high,medium,4,namesilo,,,08/10/2026 22:17
2b67abe9-4187-4f04-a308-58d84572c3b8,drink.recipes,premium,242,242,high,low,5,namesilo,,,08/10/2026 08:25
7a9a8702-3c00-414a-8c5a-b977e6c29845,food.viajes,available,94.98,124.48,high,medium,4,namecheap,,,08/10/2026 22:17
7b9f5f62-7c16-4692-b3b3-56075aca3505,food.attorney,premium,1107,1107,high,medium,4,namesilo,,,08/10/2026 22:17
2525579c-f76a-4f32-84d6-9910df93e56a,restaurant.food,premium,362.45,517.7,high,low,10,spaceship,,,06/10/2026 09:09
a6936b68-d7ce-4dfd-b05e-afaaaff73315,food.rentals,premium,118.8,118.8,high,medium,4,namesilo,,,08/10/2026 22:17
e023663d-1ed0-43d7-9e76-69f2451cb081,food.vet,premium,102.67,102.67,high,medium,4,spaceship,,,08/10/2026 22:17
c396a0ba-be4c-4f7e-bd47-e57e2582f1ee,food.lol,premium,672.95,672.95,high,medium,4,spaceship,,,08/10/2026 22:17
1da03ed5-dd4f-4656-952b-21d42eca2bcb,food.soccer,available,20.2,20.2,high,medium,4,cloudflare,,,08/10/2026 22:17
b6495da1-59c2-49aa-82e3-970334689ba5,food.tips,resell,,,high,medium,4,"GoDaddy.com, LLC",22/02/2014 16:00,22/02/2027 16:00,08/10/2026 22:17
6218c2cd-df2c-4f6d-9930-9de5dfdb284c,food.army,premium,242,242,high,medium,4,namesilo,,,08/10/2026 22:17
e3ae2c5f-85ad-4737-8516-c5233cc9fcfa,cuisine.restaurant,premium,108.9,108.9,high,low,7,dynadot,,,08/10/2026 23:02
be2df4b7-8fd6-4a75-ae81-a6b099c8f645,food.florist,available,26.08,26.08,high,medium,4,spaceship,,,08/10/2026 22:17
84a18b92-7d88-4f39-a911-b16d084996ee,food.how,premium,568.42,568.42,high,medium,4,spaceship,,,08/10/2026 22:17
da4d9a84-6de1-436b-8574-cd3c4d847c3d,food.now,resell,,,high,medium,4,Dynadot Inc,10/10/2024 06:59,10/10/2027 06:59,08/10/2026 22:17
0cf12ce5-739a-49e7-a147-e04c7698bac9,food.vana,available,2070.2,2070.2,high,medium,4,spaceship,,,08/10/2026 22:17
14d4f9fa-8ab4-441b-a6f6-4d7dbc01ad33,food.loan,premium,1107,116,high,medium,4,namesilo,,,08/10/2026 22:17
5d34ee0b-968d-4cea-b48b-8ea92309d944,food.theater,available,51.95,51.95,high,medium,4,spaceship,,,08/10/2026 22:17
9aba2f6a-d955-4f37-9d97-61b2443f8a83,beverage.tech,premium,1000.2,1092.18,high,low,8,unstoppable,,,07/10/2026 00:20
fb4dda94-3109-4cf0-8694-055961659cf9,beverage.sh,available,31.05,46.58,high,low,8,spaceship,,,07/10/2026 00:20
dfd0502e-5243-42eb-a395-3f94ed2c0553,food.onl,premium,137.5,275,high,medium,4,dynadot,,,08/10/2026 22:17
00283a53-f7a0-4148-95c5-3ba3ec03dc93,drink.food,premium,1107,1107,high,low,5,namesilo,,,08/10/2026 08:25
d51ddfc2-aa6d-46c1-af15-17ce60a23a1f,beverage.cx,available,18.99,18.99,high,low,8,namesilo,,,07/10/2026 00:20
8e2eae71-3726-42ef-99e9-10140ac62bc3,food.jewelry,available,64.99,64.99,high,medium,4,namesilo,,,08/10/2026 22:17
93b69a91-7ff9-418a-8d60-38d7366052f9,beverage.diet,available,104.99,114.99,high,low,8,namesilo,,,07/10/2026 00:20
de591d04-79eb-4961-b464-9015f9888dae,food.hospital,available,45.74,45.74,high,medium,4,spaceship,,,08/10/2026 22:17
24ad9b19-17c2-403a-89fa-1b7d2221c7e4,beverage.pub,available,31.2,31.2,high,low,8,cloudflare,,,07/10/2026 00:20
ee474dc1-9574-4f51-925f-eb210e8c6168,beverage.bar,premium,1152,1152,high,low,8,namesilo,,,07/10/2026 00:20
5a82e297-27a0-4656-9877-562e23be8afc,beverage.hamburg,available,69.98,73.98,high,low,8,namecheap,,,07/10/2026 00:20
f4d7a106-c3ec-404b-b1ac-d557e4b9fc16,beverage.gg,available,51.6,51.6,high,low,8,spaceship,,,07/10/2026 00:20
97767e4a-5883-4742-9d6e-79dbb25a99cc,food.international,resell,,,high,medium,4,Dynadot Inc,10/07/2015 21:59,10/07/2030 21:59,08/10/2026 22:17
290db5ca-fa2c-4f96-859e-0131918e97ff,beverage.city,resell,,,high,low,8,"DNSPod, Inc.",16/03/2020 09:45,16/03/2027 09:45,07/10/2026 00:20
b84a4f2c-3d68-4ad7-bf6d-af8e78d84257,food.sexy,premium,13800,13800,high,medium,4,namesilo,,,08/10/2026 22:17
ff81907c-679f-4810-967c-50f9004bd831,food.tattoo,available,1.75,31.25,high,medium,4,spaceship,,,08/10/2026 22:17
33368d92-a154-4279-94c4-448878127c2f,food.diet,premium,2200,2200,high,medium,4,dynadot,,,08/10/2026 22:17
582e7a69-9a4b-4916-b39c-de2a6333c249,food.cars,available,1863.2,2064.2,high,medium,4,spaceship,,,08/10/2026 22:17
81b3a9fb-d24f-46dc-92c1-889b8dbff3df,food.fish,premium,880,880,high,medium,4,dynadot,,,08/10/2026 22:17
6b838cb1-3967-4dd5-b35b-c9d101fcc2fe,food.tienda,premium,260,260,high,medium,4,namecheap,,,08/10/2026 22:17
f804ecee-d9b2-468c-aeb6-faf898f37605,beverage.productions,premium,85.8,85.8,high,low,8,namecheap,,,07/10/2026 00:20
e1004e8f-90b6-4b72-9830-2de44f17279b,food.forsale,premium,1107,1107,high,medium,4,namesilo,,,08/10/2026 22:17
7d00b9be-f737-4638-8edf-49792e185375,beverage.mov,premium,76.7,76.7,high,low,8,namecheap,,,07/10/2026 00:20
b61fa5e0-451d-45be-9924-380cc2209fb0,beverage.repair,available,5.38,29.18,high,low,8,spaceship,,,07/10/2026 00:20
735087b0-03c5-499f-b34b-c706ae89ae55,food.investments,premium,440,440,high,medium,4,dynadot,,,08/10/2026 22:17
792f1e30-16ea-47f8-920b-71bb5053e0d6,beverage.luxury,available,26.97,26.97,high,low,8,dynadot,,,07/10/2026 00:20
f11cb9e2-93eb-4960-8b2c-f080000b7a77,food.group,resell,,,high,medium,4,"Chengdu West Dimension Digital Technology Co., Ltd.",05/06/2016 16:00,05/06/2027 16:00,08/10/2026 22:17
9f460a3d-9eae-425e-b1c8-03fd66b6b1d2,food.lawyer,premium,1107,1107,high,medium,4,namesilo,,,08/10/2026 22:17
f62b2b63-c3a2-4842-a458-ebb8c0f6ca02,food.degree,available,8.24,43.02,high,medium,4,dynadot,,,08/10/2026 22:17
99afddd6-3c9b-4bfa-8742-887532bb1b9e,beverage.guitars,available,104.99,114.99,high,low,8,namesilo,,,07/10/2026 00:20
fd96a781-b056-4c63-9a37-07d3ad8a8629,food.business,resell,,,high,medium,4,"Spaceship, Inc.",06/03/2019 11:22,06/03/2027 11:22,08/10/2026 22:17
2dd7e775-9bf9-43b8-89ce-517039b9f364,food.hot,premium,3450,3450,high,medium,4,namesilo,,,08/10/2026 22:17
2d12fd77-1975-40d7-a4ab-b0979b649d4a,food.srl,premium,54.28,30.68,high,medium,4,namesilo,,,08/10/2026 22:17
94c5590b-1c58-4762-9ee0-81b2cfe765ad,beverage.domains,premium,880,880,high,low,8,dynadot,,,07/10/2026 00:20
595bc754-9168-42fc-b0ec-9eadb3da2692,beverage.art,premium,282.76,72.65,high,low,8,spaceship,,,07/10/2026 00:20
cb9ac157-49a8-4831-abc8-2c8b9293fcff,beverage.care,available,10.03,35.39,high,low,8,spaceship,,,07/10/2026 00:20
21a34afd-4155-47cc-a4a9-d03bbe04c90c,beverage.management,available,20.9,20.9,high,low,8,spaceship,,,07/10/2026 00:20
8990bad9-1511-4e7e-9cc2-ce389efed581,food.berlin,resell,,,high,medium,4,,27/11/2015 20:15,27/11/2027 20:15,08/10/2026 22:17
ef9c68c1-bd94-4c41-be02-ea05e0e2808d,beverage.health,premium,1100,64.42,high,low,8,dynadot,,,07/10/2026 00:20
a519f029-77d7-4cb2-9dd0-796eff95cea0,beverage.energy,available,5.38,93.35,high,low,8,spaceship,,,07/10/2026 00:20
8bcb7194-956d-4f60-87ea-4b882341e84b,food.fishing,premium,83,26.08,high,medium,4,spaceship,,,08/10/2026 22:17
e952ecf0-f5e8-4346-a930-3272dc49df24,beverage.dog,available,7.49,64.99,high,low,8,namesilo,,,07/10/2026 00:20
575197ad-a6cc-45c7-8354-66d357b99227,food.ink,premium,832,832,high,medium,4,namesilo,,,08/10/2026 22:17
068ba198-87d8-4e1e-b886-219592273741,food.casa,resell,,,high,medium,4,"Spaceship, Inc.",28/08/2018 20:28,28/08/2034 20:28,08/10/2026 22:17
1f7dd76c-9789-4921-805e-6d6e673df178,food.desi,available,19.98,22.98,high,medium,4,namecheap,,,01/10/2026 22:52
fd5d5509-194b-4ac7-93e3-cc46e80e63b0,beverage.how,available,20.84,20.84,high,low,8,spaceship,,,07/10/2026 00:20
cba42b2f-37f5-4473-ba2f-03a034d87de3,food.blue,resell,,,high,medium,4,"Spaceship, Inc.",10/12/2020 14:31,10/12/2026 14:31,08/10/2026 22:17
3146a36e-54e4-40ed-a906-aacb524fec16,beverage.trading,available,16.76,16.76,high,low,8,spaceship,,,07/10/2026 00:20
e4cdce9c-3179-458e-b7b6-b8be99561394,beverage.exposed,available,22.98,28.98,high,low,8,namecheap,,,07/10/2026 00:20
18ba7788-7a43-4917-a469-6e5e358f001a,beverage.gmbh,available,36.43,36.43,high,low,8,spaceship,,,07/10/2026 00:20
ff74d3b6-caeb-4db0-9b4e-5eb649cc7bb8,beverage.fish,available,44.49,44.49,high,low,8,namesilo,,,07/10/2026 00:20
c0fcb980-b186-4602-a79b-bcd573253905,beverage.claims,available,17,51.95,high,low,8,unstoppable,,,07/10/2026 00:20
651616f8-bba8-462c-881a-344b2dbf6790,beverage.security,available,2000.2,2000.2,high,low,8,cloudflare,,,07/10/2026 00:20
e996ca21-4ff2-4b04-a3d8-2ff3017ef457,beverage.construction,available,38.99,38.99,high,low,8,namesilo,,,07/10/2026 00:20
f7919a5e-81e9-40a9-aee7-c7af57cb1922,beverage.gifts,available,36.99,36.99,high,low,8,namesilo,,,07/10/2026 00:20
00116488-07ce-4702-bae7-d644bf84433a,beverage.cat,available,18.83,25.04,high,low,8,spaceship,,,07/10/2026 00:20
de6e0b5e-7df2-4206-868e-9b311de2aae4,beverage.locker,available,5.68,31.25,high,low,8,spaceship,,,07/10/2026 00:20
c58726c9-f851-4cb8-a22d-bc57e8eb3a09,food.lighting,resell,,,high,medium,4,united-domains GmbH,12/02/2014 16:00,12/02/2027 16:00,08/10/2026 22:17
9a4d8e03-97f8-4f01-927c-3f28b3176032,cooking.food,premium,1107,1107,high,low,7,namesilo,,,08/10/2026 08:31
ce1372da-3a65-40d6-b503-5dd3e1be8d83,beverage.reisen,available,16.76,16.76,high,low,8,spaceship,,,07/10/2026 00:20
e1348307-e103-4999-a2a8-31a3a82866aa,food.rehab,premium,1035.2,1035.2,high,medium,4,spaceship,,,08/10/2026 22:17
33c9dc30-b082-428e-b11b-ae462b359ff4,beverage.cooking,available,32.49,32.49,high,low,8,namesilo,,,07/10/2026 00:20
39731a31-2053-4024-8679-f39703620b84,food.esq,premium,1344.67,1344.67,high,medium,4,spaceship,,,08/10/2026 22:17
f8359910-47c7-493c-8acd-4aa391b5fa9f,food.co,resell,,,high,medium,4,Dynadot Inc,25/02/2010 00:47,24/02/2028 23:59,08/10/2026 22:17
d611b715-43be-4d06-a571-30a914b75763,beverage.green,available,14.99,79.99,high,low,8,namesilo,,,07/10/2026 00:20
f1f15833-8280-4185-8202-f2d0150d103d,beverage.boston,available,23.49,23.49,high,low,8,namesilo,,,07/10/2026 00:20
ca93b859-8cc4-4b4a-8a0c-dc162db2e055,beverage.cab,available,26.08,26.08,high,low,8,spaceship,,,07/10/2026 00:20
82759d9a-de54-4ca4-a4fe-5e3557d76f3c,beverage.supply,resell,27.48,33.48,high,low,8,Porkbun LLC,21/08/2026 05:09,21/08/2027 05:09,07/10/2026 00:20
0c96accb-3946-4367-98c3-5f77183d46ee,beverage.pet,available,14.49,27.59,high,low,8,namesilo,,,07/10/2026 00:20
fa351275-2584-4150-a9f1-ade384295d41,beverage.pizza,available,5.38,51.95,high,low,8,spaceship,,,07/10/2026 00:20
2e671c38-737b-4f4b-9c07-227517b18109,beverage.baby,resell,,,high,low,8,Dynadot Inc,08/02/2026 16:17,08/02/2027 23:59,07/10/2026 00:20
31e90dbe-c9ac-4298-85f6-707e3ba3c973,beverage.hosting,available,309.99,429.99,high,low,8,namesilo,,,07/10/2026 00:20
2d34c06f-111a-40ae-8d21-6714d4249a20,beverage.ink,available,2.99,32.49,high,low,8,namesilo,,,07/10/2026 00:20
a7b70c4a-6834-49fe-aefd-abd2ae2f9eb0,beverage.broker,available,10.55,29.18,high,low,8,spaceship,,,07/10/2026 00:20
6db79dcb-92c8-41e9-882d-36f468a46620,beverage.sydney,available,58,58,high,low,8,namesilo,,,07/10/2026 00:20
283ae867-f1ce-48ce-98af-1d36b5480940,beverage.storage,available,535.22,535.22,high,low,8,dynadot,,,07/10/2026 00:20
c965da72-2ee9-4826-993d-bd6fa695d13c,beverage.miami,available,19.48,19.48,high,low,8,dynadot,,,07/10/2026 00:20
f1ceaf3b-da0b-4373-9136-7cccdcd5b896,beverage.vote,available,20.9,72.65,high,low,8,spaceship,,,07/10/2026 00:20
488d4341-3888-45d6-ac3f-fe4693dc2f81,food.maison,available,57.99,57.99,high,medium,4,namesilo,,,08/10/2026 22:17
1d11f853-e962-4274-b942-79574f024a67,beverage.bargains,available,13.14,23.94,high,low,8,spaceship,,,07/10/2026 00:20
5df49bbe-a4b2-4aa6-aaaa-39a033c2c868,food.space,premium,2587.7,10350.2,high,medium,4,spaceship,,,08/10/2026 22:17
2300259d-16d7-42da-b90e-9ae4a45034c6,beverage.ninja,available,10.55,25.04,high,low,8,spaceship,,,07/10/2026 00:20
398dec91-746c-4be0-86f7-16689a0df549,beverage.nexus,premium,76.7,76.7,high,low,8,namecheap,,,07/10/2026 00:20
7799030f-c277-4400-b6af-a46bd0edd1d6,beverage.enterprises,available,8.48,28.15,high,low,8,spaceship,,,07/10/2026 00:20
c86dc8ad-094d-4081-8498-e2a65c314fa4,beverage.graphics,available,21.62,21.62,high,low,8,dynadot,,,07/10/2026 00:20
e8a9b794-4009-48c1-a7af-8bbd0d077069,food.diy,premium,1449.2,2070.2,high,medium,4,spaceship,,,08/10/2026 22:17
cf7fd6f5-3bb2-4523-835b-b64f80d5280e,beverage.hockey,available,8.24,54.79,high,low,8,dynadot,,,07/10/2026 00:20
bc3738b5-a3a8-48f4-ae06-29c4f8742c9c,food.clothing,resell,,,high,medium,4,"Global Domains International, Inc. DBA DomainCostClub.com",20/12/2022 18:44,20/12/2026 18:44,08/10/2026 22:17
b9de5ec4-789c-4d43-8274-99278bf30133,beverage.photography,premium,242,242,high,low,8,namesilo,,,07/10/2026 00:20
2b9a1d2f-1098-4300-95b7-4d709bd4bdfc,beverage.ski,available,26.5,52.01,high,low,8,unstoppable,,,07/10/2026 00:20
f3bde95c-3e00-4aa3-80a8-d79acb45a115,beverage.gold,available,6.93,83,high,low,8,spaceship,,,07/10/2026 00:20
faae0a85-8934-4cd5-babe-afcbf88b4164,beverage.style,available,6.93,31.25,high,low,8,spaceship,,,07/10/2026 00:20
805cb3e2-1c0b-4462-af09-67d72fad2839,restaurant.catering,premium,118.8,118.8,high,low,10,namesilo,,,06/10/2026 09:09
cdf2892d-66e5-4fac-b97a-74a97d39d6cf,food.villas,premium,207.2,207.2,high,medium,4,spaceship,,,08/10/2026 22:17
e1dffbc3-c7b8-4534-8de0-a8bfec33aaac,drink.ninja,premium,108.9,108.9,high,low,5,dynadot,,,08/10/2026 08:25
2a1f292a-c437-4c84-8ef1-45eda77149a1,cuisine.recipes,available,8.5,,high,low,7,unstoppable,,,08/10/2026 23:02
f7e4d0d6-347e-44af-a5fb-dd0fbdb78311,food.forum,premium,1100,1100,high,medium,4,dynadot,,,08/10/2026 22:17
9133c538-ec28-4559-84af-f478b035a442,food.click,resell,,,high,medium,4,Porkbun LLC,25/11/2014 16:00,25/11/2027 16:00,08/10/2026 22:17
39a4b982-caea-4b9c-b731-4681931367c1,beverage.black,available,50.2,50.2,high,low,8,cloudflare,,,07/10/2026 00:20
2916b5a3-14ec-4e84-a38b-2967b69a5a2b,beverage.flowers,available,93.35,103.4,high,low,8,spaceship,,,07/10/2026 00:20
9abf08d5-fda3-47a5-b708-c966c4a370f0,beverage.barcelona,available,25.04,25.04,high,low,8,spaceship,,,07/10/2026 00:20
ecaaf26f-7cfb-4df7-bdfc-2ace1f45430b,food.country,available,2064.2,2064.2,high,medium,4,spaceship,,,08/10/2026 22:17
7c87d72f-ae49-48f0-86c7-d10b8474ad2c,beverage.study,premium,53.92,53.92,high,low,8,namesilo,,,07/10/2026 00:20
c05d7798-e063-4a27-8c73-2f2af06f1aec,food.plumbing,available,85.48,99.98,high,medium,4,namecheap,,,08/10/2026 22:17
4477cd9d-84ba-4b27-91b5-bfd7a313c33f,beverage.tickets,available,359.99,488.88,high,low,8,namesilo,,,07/10/2026 00:20
ddf5413b-a86b-449f-889a-1f2d87fd89b2,beverage.date,premium,110,27.5,high,low,8,dynadot,,,07/10/2026 00:20
0b79d7c7-275b-4ef4-9246-a7ee8b2924b0,beverage.day,premium,30.22,30.22,high,low,8,spaceship,,,07/10/2026 00:20
c4c2940f-732b-4d22-83bf-647de281bc66,food.dentist,premium,207.2,207.2,high,medium,4,spaceship,,,08/10/2026 22:17
460db338-89b1-4db5-ad0c-c6c082d82f93,drink.cyou,premium,310.7,621.2,high,low,5,spaceship,,,08/10/2026 08:25
f9626d79-3833-4721-bbac-be4b2a4e6f84,food.hair,premium,832,832,high,medium,4,namesilo,,,08/10/2026 22:17
46d321e2-7be2-41b4-b9fd-af866031a2ff,beverage.ing,premium,93.35,93.35,high,low,8,spaceship,,,07/10/2026 00:20
02df503b-9c11-4ee4-a741-2c89496a6c17,beverage.mba,available,10.55,31.25,high,low,8,spaceship,,,07/10/2026 00:20
d494f090-cbdb-4401-b710-6a619aa1fce3,food.pink,premium,768,768,high,medium,4,namesilo,,,08/10/2026 22:17
110c12b8-5e28-401d-824d-c40553bdc7e2,drink.reise,available,75.2,75.2,high,low,5,cloudflare,,,08/10/2026 08:25
1fc7c580-256a-432e-b866-41a52560ec3d,beverage.faith,available,10.53,10.53,high,low,8,spaceship,,,07/10/2026 00:20
a7ef8a52-8118-4496-bc07-ebad44f06b70,drink.cheap,resell,,,high,low,5,"NameCheap, Inc.",26/12/2025 01:48,26/12/2026 01:48,08/10/2026 08:25
0bd93b84-9f5a-4409-87cc-c132e7d3cbd4,beverage.associates,available,18.99,38.99,high,low,8,namesilo,,,07/10/2026 00:20
9c9136c4-1204-4193-8a3b-4fff2a1c8367,beverage.gratis,available,23.99,23.99,high,low,8,namesilo,,,07/10/2026 00:20
ce1e4a64-58d0-4abe-bf16-4a45767ec14c,food.city,resell,,,high,medium,4,"Global Domains International, Inc. DBA DomainCostClub.com",05/08/2015 16:00,05/08/2028 16:00,08/10/2026 22:17
7e0c5399-c073-4e8a-b2d5-09c58a7485c8,food.gripe,premium,34.36,34.36,high,medium,4,spaceship,,,08/10/2026 22:17
17145922-3e2a-4c2a-b9a3-5806eee1cf7a,beverage.camera,available,58.99,58.99,high,low,8,namesilo,,,07/10/2026 00:20
9000142f-bef5-4496-82e6-62c63bbe35db,food.lat,resell,,,high,medium,4,"Spaceship, Inc.",04/09/2026 01:19,04/09/2027 23:59,08/10/2026 22:17
63d90ec8-7d7a-460e-93ff-7375ca85fa57,food.futbol,available,5.57,5.57,high,medium,4,dynadot,,,08/10/2026 22:17
893bda8a-0dac-4573-babe-b2377b4e5a16,drink.cooking,premium,47.2,29.5,high,low,5,namesilo,,,08/10/2026 08:25
37961f62-e0a9-4088-ad9a-db59cc904352,beverage.sex,available,95.2,95.2,high,low,8,cloudflare,,,07/10/2026 00:20
689a172c-298b-4d31-8a9e-6e58d85f1e63,drink.ltda,premium,56.64,33.04,high,low,5,namesilo,,,08/10/2026 08:25
26ef1a33-20b0-43ee-bd8b-c636dd822fe6,beverage.fans,premium,51.95,103.7,high,low,8,spaceship,,,07/10/2026 00:20
c94f309d-847f-4fb5-9519-9791e451b213,beverage.store,premium,812.5,3250,high,low,8,namecheap,,,07/10/2026 00:20
c48e54d5-ccd1-49b3-a04e-00afb7babe12,beverage.win,available,5.25,6.25,high,low,8,namesilo,,,07/10/2026 00:20
f3cb2cf5-b056-4c68-8a6d-a2fc1dfea703,drink.icu,premium,384,768,high,low,5,namesilo,,,08/10/2026 08:25
3112a550-5465-4158-8067-24c6f6623d47,drink.vote,available,34.99,90.99,high,low,5,namesilo,,,08/10/2026 08:25
0e39ef45-f690-436b-9db3-277dfb1d63cb,beverage.kids,premium,384,21.24,high,low,8,namesilo,,,07/10/2026 00:20
7c40e851-2e97-4e5a-9667-201abe86eb91,drink.tech,premium,1625,6500,high,low,5,namecheap,,,08/10/2026 08:25
90784755-39e3-43fc-a55b-dc3a3b83fd2e,drink.voting,available,1398,1448,high,low,5,namecheap,,,08/10/2026 08:25
d61a7b65-20a0-46e6-b7ea-4e6a83577542,drink.osaka,available,32.98,41.98,high,low,5,namecheap,,,08/10/2026 08:25
b2eaf2dc-6637-4d28-b78d-e0813a79b2b7,beverage.clothing,available,10.92,30.18,high,low,8,dynadot,,,07/10/2026 00:20
fee1e9cc-40d7-427b-ba21-636fcc1995b3,beverage.shiksha,available,10.55,41.6,high,low,8,spaceship,,,07/10/2026 00:20
c8606f7f-af73-4c95-91c1-6de553b41fe3,drink.studio,resell,,,high,low,5,Squarespace Domains II LLC,24/04/2023 15:15,24/04/2027 15:15,08/10/2026 08:25
84670733-5a85-45d3-a839-3ad2579231de,food.prof,premium,1344.67,1344.67,high,medium,4,spaceship,,,08/10/2026 22:17
6b1bae05-f47f-4067-9d18-89d896205528,drink.free,premium,517.7,517.7,high,low,5,spaceship,,,08/10/2026 08:25
5ce2af9b-9eeb-4c7e-bdca-595f136dd429,food.surf,premium,83,26.08,high,medium,4,spaceship,,,08/10/2026 22:17
05d6b55b-491b-4b3c-94e2-37eebf5f5ece,drink.vacations,available,30.2,30.2,high,low,5,cloudflare,,,08/10/2026 08:25
dcc13d73-eaff-4a29-9764-75c4b723425e,beverage.golf,available,6.41,51.95,high,low,8,spaceship,,,07/10/2026 00:20
56f1ae20-6a69-4d1d-980a-3832ca470981,drink.holiday,available,51.95,51.95,high,low,5,spaceship,,,08/10/2026 08:25
b3642bdc-86c0-4e1e-ab17-ded4f57a0938,drink.faith,premium,517.7,67.48,high,low,5,spaceship,,,08/10/2026 08:25
05326875-2506-43df-87e5-902226a44c2c,drink.capital,available,10.99,71.99,high,low,5,namesilo,,,08/10/2026 08:25
02f7bf56-babd-470c-9a80-ade28d9d00eb,drink.luxe,premium,854,17.7,high,low,5,namesilo,,,08/10/2026 08:25
ed85339b-5237-4b99-8777-9c2df8f19faa,drink.attorney,available,49.88,49.88,high,low,5,spaceship,,,08/10/2026 08:25
6570ee5f-8ddd-42d6-9c18-cbe2021d1fd4,drink.racing,premium,116,116,high,low,5,namesilo,,,08/10/2026 08:25
5c9f991d-87f1-4492-a2e1-ec7c1c360424,beverage.news,available,9.85,30.18,high,low,8,dynadot,,,07/10/2026 00:20
00fec592-73f8-469d-87a6-8366b7b54d5a,drink.catering,available,45.48,53.98,high,low,5,namecheap,,,08/10/2026 08:25
8848b730-f3bc-4049-8e71-9cda2dbfab56,drink.build,premium,1650,1650,high,low,5,dynadot,,,08/10/2026 08:25
d9bac5be-7bf4-450a-a27f-214e5ea18044,beverage.forex,available,10.55,83,high,low,8,spaceship,,,07/10/2026 00:20
ecfdb7c5-ca3c-4a8d-b97d-230c9b5dd762,beverage.gay,available,1.75,31.28,high,low,8,spaceship,,,07/10/2026 00:20
b3ce6dbf-3601-447c-a41a-1cf0a6f6633d,cuisine.beer,available,1.24,26.08,high,low,7,spaceship,,,08/10/2026 23:02
3b90db23-9231-434c-9675-43a8135097dd,beverage.hiv,available,184.9,184.9,high,low,8,spaceship,,,07/10/2026 00:20
78e80593-fa02-4c20-a792-3e8fe3295d3f,drink.best,premium,462.85,462.85,high,low,5,spaceship,,,08/10/2026 08:25
16da0b7e-1601-4f77-8287-f36cf6f95cc5,drink.apartments,available,57.99,57.99,high,low,5,namesilo,,,08/10/2026 08:25
f3e2ff6a-e86c-44f8-b4c9-22e6651de0fc,drink.sydney,available,58,58,high,low,5,namesilo,,,08/10/2026 08:25
fb445891-db9e-45b4-9795-936696619e4c,food.exposed,premium,242,242,high,medium,4,namesilo,,,08/10/2026 22:17
213b1190-3012-41b5-bd41-adefb6929f3b,drink.cruises,available,56.99,56.99,high,low,5,namesilo,,,08/10/2026 08:25
036c13ee-5460-47df-8c41-cf60396d7d22,beverage.lifestyle,available,1.8,48.98,high,low,8,namecheap,,,07/10/2026 00:20
6d9b1361-978a-472d-8899-6289469185e2,drink.wiki,premium,1371.58,1371.58,high,low,5,spaceship,,,08/10/2026 08:25
8dee5da6-7ecc-4433-8735-d1d2bae79e75,drink.top,premium,6263.55,4.22,high,low,5,spaceship,,,08/10/2026 08:25
41877e64-ab96-4e35-b0cf-653bafbc5a98,beverage.network,resell,,,high,low,8,"Spaceship, Inc.",10/05/2022 13:15,10/05/2027 13:15,07/10/2026 00:20
b2fc6756-d01c-41c6-bdcd-15d5c177a669,drink.study,premium,51.95,51.95,high,low,5,spaceship,,,08/10/2026 08:25
79cfae08-67fb-49b1-887c-19b519537f06,drink.land,resell,,,high,low,5,"NameCheap, Inc.",29/04/2019 06:07,29/04/2027 06:07,08/10/2026 08:25
58848547-9a65-4a3d-854d-381460bc4587,beverage.tips,available,15.99,30.99,high,low,8,namesilo,,,07/10/2026 00:20
96703a6f-5069-4d37-8263-07d986c65ddd,food.voting,available,1398,1448,high,medium,4,namecheap,,,08/10/2026 22:17
cab664ee-b2e9-47bc-a3b3-bf9b3b1a5d0c,food.faith,premium,6900,116,high,medium,4,namesilo,,,08/10/2026 22:17
a8349da4-c3dd-4cf6-9de0-962d0723418c,beverage.discount,available,24.01,24.01,high,low,8,spaceship,,,07/10/2026 00:20
b72f6db3-43bf-4b7c-8d18-63367b11b527,drink.ag,available,89.99,79.99,high,low,5,namesilo,,,08/10/2026 08:25
c1fbcd57-7c2b-401e-96a7-7e6f26fdce8f,drink.mortgage,available,8.24,58,high,low,5,dynadot,,,08/10/2026 08:25
433a5ded-7e38-4d57-a21f-32a185240112,drink.vodka,resell,,,high,low,5,"NameCheap, Inc.",06/05/2021 21:11,06/05/2027 21:11,08/10/2026 08:25
942d266a-4f3a-476a-aba7-cb0ad68661a8,beverage.autos,available,1.99,17.29,high,low,8,namesilo,,,07/10/2026 00:20
a2e6c859-f065-4c57-8ee9-51a8a41288fa,food.free,premium,1100,1100,high,medium,4,dynadot,,,08/10/2026 22:17
64991077-70fb-46ec-90e7-3d98db439fe4,beverage.link,premium,243.43,243.43,high,low,8,spaceship,,,07/10/2026 00:20
fb59e577-7f26-44ac-a521-b460a28206e6,food.boo,premium,1091.09,1091.09,high,medium,4,porkbun,,,08/10/2026 22:17
4cc092e8-4c5f-4cf3-9f82-8102951bf3b9,beverage.dance,available,16.99,27.49,high,low,8,namesilo,,,07/10/2026 00:20
67cfd1c1-b056-4339-a193-a4f203ba65d7,food.coupons,premium,12420,12420,high,medium,4,namesilo,,,08/10/2026 22:17
aa641a53-b59a-40da-91b5-4f8a66e7be40,beverage.loan,available,4.18,5.18,high,low,8,cloudflare,,,07/10/2026 00:20
d7679399-5a05-44ce-aa56-0c7649aa4806,beverage.limited,available,36.99,36.99,high,low,8,namesilo,,,07/10/2026 00:20
8eb94086-3862-48c6-a600-d91645567a32,beverage.viajes,available,99.99,99.99,high,low,8,namesilo,,,07/10/2026 00:20
0c1723fb-f2d3-4dca-8d3a-ca46f8b23fab,food.gmbh,resell,,,high,medium,4,PDR Ltd. d/b/a PublicDomainRegistry.com,31/08/2025 15:16,31/08/2027 15:16,08/10/2026 22:17
7e03b558-aea6-44b7-b08c-13bb8eb8c26e,beverage.gives,available,14.99,23.99,high,low,8,namesilo,,,07/10/2026 00:20
bb743ac2-00fb-497a-9a17-1f26cbe0028d,food.gift,premium,153.6,153.6,high,medium,4,namesilo,,,08/10/2026 22:17
3e0e242a-53e2-41ce-b994-221bd4f33969,food.rich,available,94.99,1999,high,medium,4,namesilo,,,08/10/2026 22:17
be11c4ad-2d21-40f2-af2c-dae4e76e17d9,drink.website,premium,1107,1107,high,low,5,namesilo,,,08/10/2026 08:25
d3fc832c-6427-475c-b556-38c55edda247,beverage.jewelry,available,67.98,69.98,high,low,8,namecheap,,,07/10/2026 00:20
595c00b1-cac5-4c89-a211-9a4c0b96f39c,drink.florist,available,8.24,26.97,high,low,5,dynadot,,,08/10/2026 08:25
69f3ad56-16af-412c-be49-f8bce44c9ae0,food.page,premium,1278.72,1278.72,high,medium,4,namesilo,,,08/10/2026 22:17
4b5f1137-635d-425b-8054-9240bbccbe96,beverage.living,available,5.49,39.99,high,low,8,namesilo,,,07/10/2026 00:20
aa7232c9-2498-4dea-b087-d79d7e851abc,beverage.ac,available,25.88,46.58,high,low,8,spaceship,,,07/10/2026 00:20
4e664e80-5eff-48be-9952-4149419ed0ce,drink.country,available,2140.22,2140.22,high,low,5,dynadot,,,08/10/2026 08:25
13c4cbad-bca4-4cf4-beee-04f78e2c3ef5,drink.deal,premium,100.5,116,high,low,5,unstoppable,,,08/10/2026 08:25
8e8fafd7-a6a0-4799-b6dc-e54e0b14122e,drink.foo,premium,999.2,1034.17,high,low,5,unstoppable,,,08/10/2026 08:25
b20460b5-f722-4cbe-9b90-c861d07ec728,drink.vana,available,2298,2498,high,low,5,namecheap,,,08/10/2026 08:25
8f83510f-c653-45b3-a66b-e276b2467552,drink.you,premium,116,116,high,low,5,namesilo,,,08/10/2026 08:25
597d1ecf-f711-40e4-adcc-5e555907f9de,beverage.contractors,available,28.15,28.15,high,low,8,spaceship,,,07/10/2026 00:20
e0613a1d-50f8-4fc5-acef-b2df90b1d3ed,drink.diy,premium,724.7,1035.2,high,low,5,spaceship,,,08/10/2026 08:25
d1859fce-38c7-4616-8519-007bf85ed815,drink.accountant,available,20.18,20.18,high,low,5,cloudflare,,,08/10/2026 08:25
c9b9a222-0062-4166-8878-f1962a481186,food.day,premium,1034.17,1034.17,high,medium,4,spaceship,,,08/10/2026 22:17
fa4cc0a8-71b5-44c4-a8bb-a1b5d2e18876,food.hosting,available,279.65,341.75,high,medium,4,spaceship,,,08/10/2026 22:17
bf31f95f-7834-49e1-a23e-1df687a4ba85,drink.beer,premium,2600,32.5,high,low,5,namecheap,,,08/10/2026 08:25
52887efc-88c4-4ded-8d25-392320779ece,beverage.express,available,30.2,30.2,high,low,8,cloudflare,,,07/10/2026 00:20
7754a791-f10c-4048-b45c-af732ba4b123,drink.srl,premium,54.28,30.68,high,low,5,namesilo,,,08/10/2026 08:25
81b76776-b3bc-4de0-a464-b73f1fe4eddd,drink.actor,available,8.48,35.39,high,low,5,spaceship,,,08/10/2026 08:25
204c2f66-68dd-4b47-a83c-97cd40585796,drink.archi,available,13.14,83,high,low,5,spaceship,,,08/10/2026 08:25
ffb41b9d-2a49-4d75-8559-0cf55af9d6e9,drink.mobile,premium,310.7,310.7,high,low,5,spaceship,,,08/10/2026 08:25
6c071c42-56ed-4561-963d-a940e7ad7502,beverage.bayern,available,34.99,34.99,high,low,8,namesilo,,,07/10/2026 00:20
8668384a-f560-4e44-9b9c-a96df2dff5f8,food.global,resell,,,high,medium,4,Realtime Register B.V.,09/11/2024 15:15,09/11/2027 15:15,08/10/2026 22:17
5522ca1b-c5f9-4b0e-842c-23be9ad50e6e,drink.bid,premium,640,77.35,high,low,5,namesilo,,,08/10/2026 08:25
b9d47689-13ce-4ad8-9b8d-2092fb6657a3,beverage.coach,available,17.99,77.99,high,low,8,namesilo,,,07/10/2026 00:20
832a34b7-6e7e-463f-98a2-b8ad983464e7,meal.wine,available,9.99,59.99,high,low,4,namesilo,,,25/09/2026 09:17
732129bc-e07f-48a0-8859-6374daccf0e7,food.tickets,available,326.21,388.33,high,medium,4,spaceship,,,08/10/2026 22:17
d6a1b29c-ed96-4765-8326-e61da4ede5c6,beverage.dating,available,11.59,51.95,high,low,8,spaceship,,,07/10/2026 00:20
bbbf5063-3f81-42f0-a1f1-edca70be6468,drink.parts,available,8.78,35.53,high,low,5,dynadot,,,08/10/2026 08:25
d292c7e5-1577-4bb9-a4db-d6136e28d103,restaurant.lifestyle,premium,640,640,high,low,10,namesilo,,,06/10/2026 09:09
ba9c1aaf-f987-4097-be1b-b7a368db8ec9,beverage.institute,available,9.99,27.49,high,low,8,namesilo,,,07/10/2026 00:20
46131b3d-6d6e-4062-a328-79d13eb5ca47,beverage.report,available,10.5,34.48,high,low,8,unstoppable,,,07/10/2026 00:20
cb3ced17-7b5a-4d0c-8777-8ed403c0fd7b,beverage.wedding,available,26.08,26.08,high,low,8,spaceship,,,07/10/2026 00:20
09be9081-3d2b-45d1-9fe0-2ddc65c31529,drink.photography,available,28.2,28.2,high,low,5,cloudflare,,,08/10/2026 08:25
1e6928f0-00f7-4344-a3c3-8f897e6a945a,drink.hiphop,available,20.9,20.9,high,low,5,spaceship,,,08/10/2026 08:25
f6a6e7ea-4449-464d-b720-804c23cf8739,food.contractors,premium,68.51,68.51,high,medium,4,spaceship,,,08/10/2026 22:17
d0d13b5d-e602-453f-b44f-3358d107d81e,beverage.horse,available,32.49,32.49,high,low,8,namesilo,,,07/10/2026 00:20
2675d346-b10f-440f-a989-95195e093e90,beverage.training,available,11.99,37.67,high,low,8,dynadot,,,07/10/2026 00:20
666c484f-0a33-4fce-9b5b-a1887d0fd5b2,beverage.foundation,available,14.99,23.99,high,low,8,namesilo,,,07/10/2026 00:20
2c1248da-9020-446d-9871-5e1d9f8715ea,drink.music,premium,1448.17,38.5,high,low,5,spaceship,,,08/10/2026 08:25
bce65810-936f-4bf4-acd4-b235f071d032,food.trade,resell,,,high,medium,4,"Global Domains International, Inc. DBA DomainCostClub.com",29/07/2019 12:50,29/07/2030 12:50,08/10/2026 22:17
56700def-9aef-4bd8-8350-14f11550822c,drink.productions,available,5.89,32.29,high,low,5,spaceship,,,08/10/2026 08:25
e8f00e88-c2c4-438d-9662-4fe6c38bceea,drink.broker,available,10.55,29.18,high,low,5,spaceship,,,08/10/2026 08:25
b0e45900-3146-46f0-bf19-2e9dcc10674b,food.realty,premium,910,1300,high,medium,4,namecheap,,,08/10/2026 22:17
ec015c38-8187-4cff-863b-f0c80e8a312b,food.pw,premium,2587.5,2587.5,high,medium,4,spaceship,,,08/10/2026 22:17
36339102-e11d-44db-8202-fe94db9d13ef,cuisine.vin,premium,118.8,118.8,high,low,7,namesilo,,,08/10/2026 23:02
bf49284a-c411-4d68-9972-d57ed14acf55,beverage.men,available,5.25,6.25,high,low,8,namesilo,,,07/10/2026 00:20
bb1d2474-8bee-43bd-9548-f048ccf68561,beverage.quest,available,1.99,17.29,high,low,8,namesilo,,,07/10/2026 00:20
83be416e-f900-41c9-aa40-f31f97103cd1,beverage.movie,available,270.2,270.2,high,low,8,cloudflare,,,07/10/2026 00:20
8c398d85-8a22-422f-b026-05194ff4c8d2,beverage.gift,available,14.99,14.99,high,low,8,namesilo,,,07/10/2026 00:20
c8ecee2a-cd63-444b-a1f6-2bd5c728d8df,food.coach,resell,,,high,medium,4,"Spaceship, Inc.",11/03/2015 16:00,11/03/2027 16:00,08/10/2026 22:17
a1b8e44e-9656-4d03-9dca-5200324d98a8,drink.soccer,available,30.48,32.98,high,low,5,namecheap,,,08/10/2026 08:25
d97a3988-7215-48d4-9a5c-d883d9dabc6b,cuisine.vodka,available,26.08,26.08,high,low,7,spaceship,,,08/10/2026 23:02
d19121e6-1df3-46af-b64f-f7e9e98083a2,beverage.shoes,available,31.25,51.95,high,low,8,spaceship,,,07/10/2026 00:20
9004e4b1-a295-4f91-a83b-04dabd29a59e,drink.tattoo,premium,116,116,high,low,5,namesilo,,,08/10/2026 08:25
2ab40f87-9054-4297-b84c-773621b5b4c0,drink.ltd,resell,,,high,low,5,Alibaba Cloud Computing Ltd. d/b/a HiChina (www.net.cn),22/06/2016 16:00,22/06/2027 16:00,08/10/2026 08:25
ec5c355b-87f4-4b24-9844-b4255d2f0fa6,food.apartments,available,45.74,45.74,high,medium,4,spaceship,,,08/10/2026 22:17
f55a7d3b-0af6-40c8-bd8a-68c104c0196c,drink.ryukyu,available,17.98,22.98,high,low,5,namecheap,,,08/10/2026 08:25
80a7a202-4303-4b83-9722-445e5f7b6031,beverage.makeup,available,1.99,17.29,high,low,8,namesilo,,,07/10/2026 00:20
f28e270f-4e0f-43b7-9a8e-92f5bd4d1b98,cuisine.bayern,available,34.99,34.99,high,low,7,namesilo,,,08/10/2026 23:02
f9a60267-abab-4b7c-a142-26079c115143,drink.garden,premium,1040,32.5,high,low,5,namecheap,,,08/10/2026 08:25
15137646-ae42-473f-bc29-10c467e18135,drink.jetzt,available,23.99,23.99,high,low,5,namesilo,,,08/10/2026 08:25
0b696b27-a24b-42b7-af17-a450ccdc7296,beverage.diamonds,available,42.2,42.2,high,low,8,cloudflare,,,07/10/2026 00:20
56f7e0d0-78a2-41f1-950d-1a9851b459c0,drink.run,resell,6.99,,high,low,5,"Spaceship, Inc.",17/07/2026 13:11,17/07/2027 13:11,08/10/2026 08:25
0c3f61e2-d893-4f0a-9c7c-dad2b9915db4,cuisine.desi,available,19.98,22.98,high,low,7,namecheap,,,30/09/2026 21:07
f0deec53-f46e-443e-a6d4-596b5e327ce6,beverage.fm,available,67.98,87.72,high,low,8,spaceship,,,07/10/2026 00:20
52dc99e1-b113-4bbb-a183-d2c67f288aa0,beverage.tel,available,9.76,9.76,high,low,8,dynadot,,,07/10/2026 00:20
c0da7af1-a170-44cf-95ca-1d834e28bdfc,drink.engineer,available,46.48,59.98,high,low,5,namecheap,,,08/10/2026 08:25
7284457e-2541-45f3-8f52-5c77f7032500,drink.link,premium,1552.7,1552.7,high,low,5,spaceship,,,08/10/2026 08:25
4c28c08e-5cda-43fc-ad95-032979e652e1,food.makeup,premium,715,715,high,medium,4,dynadot,,,08/10/2026 22:17
4e37958d-1bfa-47b0-8120-9a4ed753d0eb,food.memorial,premium,106.15,106.15,high,medium,4,dynadot,,,08/10/2026 22:17
54911841-f35d-4d95-9b5a-8544c6aa8c1c,beverage.salon,available,44.2,44.2,high,low,8,cloudflare,,,07/10/2026 00:20
e371e26c-7ba1-4888-84e4-7aa0b5212375,cooking.restaurant,premium,118.8,118.8,high,low,7,namesilo,,,08/10/2026 08:31
a120a038-8de5-4e43-bbb1-7dff6fddcea1,food.properties,premium,118.8,118.8,high,medium,4,namesilo,,,08/10/2026 22:17
513b9212-41ad-4e7c-8f3a-d34cd189db97,beverage.kiwi,available,21.37,21.37,high,low,8,dynadot,,,07/10/2026 00:20
a0a2cd05-5259-4a59-89ff-d93f7060cebd,beverage.poker,available,10.99,67.99,high,low,8,namesilo,,,07/10/2026 00:20
32813d37-e2a6-42e8-b394-033b164bfe87,drink.fish,available,34.2,34.2,high,low,5,cloudflare,,,08/10/2026 08:25
0c1a4651-8400-4503-aed2-7e58b322e09a,food.dealer,premium,1692.6,2183.84,high,medium,4,porkbun,,,08/10/2026 22:17
c50bc259-eafa-4487-9a4a-a4b93e248d08,drink.ceo,premium,510.98,510.98,high,low,5,namesilo,,,08/10/2026 08:25
44fb505a-a349-48a6-b8ba-486b83327a80,beverage.juegos,available,368.98,478.98,high,low,8,namecheap,,,07/10/2026 00:20
8dba2928-8a8d-45fa-9d57-52a4cf7eb015,cuisine.dog,available,50.2,50.2,high,low,7,cloudflare,,,08/10/2026 23:02
c72fe881-b517-40a9-8c3f-e7ba95e21996,drink.global,premium,4140.2,51.95,high,low,5,spaceship,,,08/10/2026 08:25
08541a8a-dccc-4439-a462-7d40bda99ba0,beverage.fan,available,43.67,43.67,high,low,8,spaceship,,,07/10/2026 00:20
fa985ef3-60ca-49f3-8788-8b60b5bddc60,beverage.airforce,available,80.2,80.2,high,low,8,cloudflare,,,07/10/2026 00:20
c4963347-ba88-47d7-ab41-47629787404d,beverage.deal,premium,103.7,103.7,high,low,8,spaceship,,,07/10/2026 00:20
e6591455-342b-438c-9984-4ae0a2c1ca2d,cuisine.horse,available,26.08,26.08,high,low,7,spaceship,,,08/10/2026 23:02
0664f006-5aa4-4656-90fb-1b92d0ead112,beverage.builders,available,4.5,32.32,high,low,8,dynadot,,,07/10/2026 00:20
63805470-f1f2-4e84-b6fa-15d0bb1f49c8,drink.xxx,premium,406.62,406.62,high,low,5,porkbun,,,08/10/2026 08:25
56116f0e-70a7-4e74-87ef-6b024306ac2d,beverage.navy,available,33.32,33.32,high,low,8,spaceship,,,07/10/2026 00:20
0d028a25-cb95-4a9e-9508-b254b22d0f87,beverage.games,available,35,42.98,high,low,8,unstoppable,,,07/10/2026 00:20
9a5731e9-2f38-49a3-b190-717e0b682db4,drink.protection,available,2070,2950,high,low,5,namecheap,,,08/10/2026 08:25
bea1e4ba-7443-4c72-addb-3f88ce842d54,beverage.cfd,premium,63.25,126.5,high,low,8,dynadot,,,07/10/2026 00:20
a3b84288-8a66-40eb-bb81-d39eca1a1a17,drink.help,premium,448,640,high,low,5,namesilo,,,08/10/2026 08:25
19bf5bb7-adc6-43cf-9bb9-93a113ecb2ba,restaurant.tires,available,5.99,78.99,high,low,10,namesilo,,,06/10/2026 09:09
6251b923-b056-4113-9ca7-d6e9c5bd2b27,food.cruises,premium,207.2,207.2,high,medium,4,spaceship,,,08/10/2026 22:17
c5075fe3-2255-4055-94f1-eaa9bf0ff967,food.moi,premium,3450,3450,high,medium,4,namesilo,,,08/10/2026 22:17
7a566ee1-6dc4-4cd4-80b9-4a46daceef99,drink.cleaning,available,60.23,60.23,high,low,5,spaceship,,,08/10/2026 08:25
c63dd75e-9330-4d73-8fd6-8b0e8023be1c,beverage.theatre,available,500.2,500.2,high,low,8,cloudflare,,,07/10/2026 00:20
74863cd8-921f-4c13-8a4c-98e78c48fcb3,beverage.fashion,available,26.08,26.08,high,low,8,spaceship,,,07/10/2026 00:20
97809629-56f2-4b7d-82f4-4314386d127b,drink.kiwi,available,31.98,35.68,high,low,5,namecheap,,,08/10/2026 08:25
a19c7350-de73-474e-8ded-1a3d94d1fded,beverage.us,resell,,,high,low,8,Dynadot Inc,24/04/2002 14:12,23/04/2027 23:59,07/10/2026 00:20
01bdbbd2-5bef-44b9-af0c-7a7ac3179788,food.gold,resell,,,high,medium,4,"DNSPod, Inc.",19/03/2018 23:20,19/03/2027 23:20,08/10/2026 22:17
cd5f5624-d16c-446f-906e-a637894b62fd,restaurant.kiwi,premium,78,78,high,low,10,namecheap,,,06/10/2026 09:09
f7d9a679-e44a-4f4a-9cc4-85f67715e084,food.associates,premium,102.67,102.67,high,medium,4,spaceship,,,08/10/2026 22:17
7afb9829-8bd4-4ad4-97fd-b0e6b54c44f6,beverage.fund,available,14.99,71.99,high,low,8,namesilo,,,07/10/2026 00:20
61742ba2-d130-477e-aecb-4dd75b7cd642,beverage.free,premium,116,116,high,low,8,namesilo,,,07/10/2026 00:20
efb0c186-1676-4534-a211-e0f82f4621a8,drink.associates,available,11.59,31.25,high,low,5,spaceship,,,08/10/2026 08:25
c309609e-0c49-4fdf-9002-ca5c8f24e630,beverage.vet,available,41.99,41.99,high,low,8,namesilo,,,07/10/2026 00:20
45a15517-6aa6-4370-a80d-e7fb2fdbbd8e,drink.pictures,available,8.24,14.13,high,low,5,dynadot,,,08/10/2026 08:25
4445604a-9db9-4727-9aad-b5f2eade0228,meal.rest,premium,1152,1152,high,low,4,namesilo,,,25/09/2026 09:17
f914cd8e-fed8-411b-87bb-26ff69c5e6ec,drink.kim,available,18.2,18.2,high,low,5,cloudflare,,,08/10/2026 08:25
dc405d27-fb8e-49c2-af12-21fdd3407959,beverage.lighting,available,18.83,18.83,high,low,8,spaceship,,,07/10/2026 00:20
329d97ef-8f59-4083-b03a-87b2823b2ce9,drink.diet,available,100.2,100.2,high,low,5,cloudflare,,,08/10/2026 08:25
d207744e-1442-4fbb-a215-aec80a503b97,beverage.racing,available,10.9,10.9,high,low,8,dynadot,,,07/10/2026 00:20
3c02996d-404f-4aa9-b07d-28ca430b1267,beverage.uno,premium,1107,1107,high,low,8,namesilo,,,07/10/2026 00:20
a25321bd-ff38-459b-8762-2f1c15d6540b,beverage.rich,available,94.99,1999,high,low,8,namesilo,,,07/10/2026 00:20
fe90f8ff-7b39-45df-b29d-c23e833d392b,beverage.desi,available,19.98,22.98,high,low,8,namecheap,,,01/10/2026 03:28
a23bc0ce-acb1-469a-a406-092705d5d118,restaurant.irish,available,7.49,22.49,high,low,10,namesilo,,,06/10/2026 09:09
59334016-6ecd-40f7-9813-c5080afbf04a,cuisine.boutique,premium,242,242,high,low,7,namesilo,,,08/10/2026 23:02
65b58feb-ae37-4424-94c9-5d6e3d683410,beverage.pics,available,1.8,40.98,high,low,8,namecheap,,,07/10/2026 00:20
e2151f61-86d8-4f4d-ac12-200265bba74a,cuisine.hiphop,available,20.9,20.9,high,low,7,spaceship,,,08/10/2026 23:02
bb015ce9-7344-4b9f-b3c3-02287d3d3c85,drink.mba,available,17,49.98,high,low,5,unstoppable,,,08/10/2026 08:25
5927fcb1-8714-47f0-b7ac-7a1a2bdf164f,cuisine.icu,premium,74.75,149.5,high,low,7,namecheap,,,08/10/2026 23:02
f2092524-159f-47fd-84b1-b4c790b8bca8,beverage.cheap,available,28.2,28.2,high,low,8,cloudflare,,,07/10/2026 00:20
65af689f-bc4a-42d2-802a-67597a9216d0,chef.food,premium,302.5,302.5,high,low,4,namesilo,,,24/09/2026 14:14
4273addc-fb57-4375-b8c8-04eb54d0f7d8,beverage.best,available,2.35,22.99,high,low,8,namesilo,,,07/10/2026 00:20
267479b6-6cda-4066-8c92-7478abe1dd70,beverage.work,premium,640,11.8,high,low,8,namesilo,,,07/10/2026 00:20
e09b3f37-9f71-486d-8f03-3231a0cbc16b,cuisine.bid,premium,448,53.92,high,low,7,namesilo,,,08/10/2026 23:02
ee03d935-548a-4679-91a2-8eb8e8e17955,restaurant.luxe,resell,,,high,low,10,"GoDaddy.com, LLC",04/05/2021 21:31,04/05/2027 21:31,06/10/2026 09:09
dc7d5dfa-2bd7-4dfb-b37d-878bcbeb4bc3,cuisine.direct,available,17.99,41.99,high,low,7,namesilo,,,08/10/2026 23:02
d374b648-918a-48f8-8ca2-46f2b846b16a,beverage.dentist,available,50.2,50.2,high,low,8,cloudflare,,,07/10/2026 00:20
6debbcb6-328f-4a76-ace8-3c2286795f39,drink.flights,available,20.9,46.78,high,low,5,spaceship,,,08/10/2026 08:25
57ad57b2-598c-4c4e-be28-35c44b0677b6,drink.legal,available,57.13,57.13,high,low,5,spaceship,,,08/10/2026 08:25
52ede424-0578-4e65-8f36-9a0359480524,cuisine.trading,available,16.2,16.2,high,low,7,cloudflare,,,08/10/2026 23:02
c0886946-928f-4da3-9741-f42fbc402607,cuisine.motorcycles,available,1.24,13.97,high,low,7,spaceship,,,08/10/2026 23:02
7192c705-bf76-48f3-8247-64ae44e4b935,drink.baby,available,1.18,51.8,high,low,5,spaceship,,,08/10/2026 08:25
fde07b35-02fa-4f30-ba83-ba3f2155206f,drink.giving,available,6.41,22.39,high,low,5,spaceship,,,08/10/2026 08:25
5a2a143b-4144-4e68-83ca-d9ddcc34cbc4,cuisine.hospital,available,58,58,high,low,7,dynadot,,,08/10/2026 23:02
d941dc25-d7f2-47ac-9cbc-97f7ccb8e420,beverage.lat,available,1.99,32.49,high,low,8,namesilo,,,07/10/2026 00:20
d5bc7017-ac72-445f-bce0-70bb8083b8dc,drink.dental,available,62.3,62.3,high,low,5,spaceship,,,08/10/2026 08:25
8e116a93-c0bb-4567-83aa-ce8e3afc871c,cuisine.stream,premium,448,53.92,high,low,7,namesilo,,,08/10/2026 23:02
278ae754-6a3a-4fa9-b3ec-97b1193bce17,restaurant.online,premium,10000.2,13800,high,low,10,unstoppable,,,06/10/2026 09:09
3266cf55-9033-46a4-afe3-3521f584fe15,drink.online,premium,5000.2,5175.2,high,low,5,unstoppable,,,08/10/2026 08:25
47be6826-6a34-49d8-afed-b22f22facc1b,beverage.credit,available,11.49,104.99,high,low,8,namesilo,,,07/10/2026 00:20
91acf17e-7489-4e68-adfc-7a9d74e153b1,cuisine.nexus,premium,133.72,133.72,high,low,7,spaceship,,,08/10/2026 23:02
09858b68-1529-4516-a592-e07766ddfd42,cuisine.video,premium,118.8,118.8,high,low,7,namesilo,,,08/10/2026 23:02
517cd346-f09a-4d71-8979-afbf17d03ad4,drink.cc,resell,,,high,low,5,"22net, Inc.",07/04/2006 08:04,07/04/2027 08:04,08/10/2026 08:25
995204cf-edc9-48e1-8156-fa76ee3333d1,drink.car,available,1863.2,2064.2,high,low,5,spaceship,,,08/10/2026 08:25
a65cffa8-71f5-41b1-87d8-36bd9108bfa7,cuisine.srl,available,31.99,31.99,high,low,7,namesilo,,,08/10/2026 23:02
a3b27f3a-c4a3-4e2b-8a9c-a2b9b0892822,cuisine.sucks,premium,2658.67,2658.67,high,low,7,namesilo,,,08/10/2026 23:02
2eaae45a-45b9-4a00-b21e-960d394eaa54,beverage.co,resell,86250,48.99,high,low,8,"GoDaddy.com, LLC",31/08/2010 18:23,30/08/2027 23:59,07/10/2026 00:20
d0f11759-560e-4a0e-889d-65749871ec04,drink.host,premium,325,650,high,low,5,namecheap,,,08/10/2026 08:25
ba24e816-9e8a-4c2f-a37a-18e185c651de,cuisine.foo,premium,129.2,133.72,high,low,7,unstoppable,,,08/10/2026 23:02
5eee9bd1-3f55-403a-86a4-e91806793148,restaurant.holiday,premium,207.2,207.2,high,low,10,spaceship,,,06/10/2026 09:09
4fde1478-599e-4c54-91d5-87b788cafd6d,cuisine.free,premium,100.5,116,high,low,7,unstoppable,,,08/10/2026 23:02
308bb7e3-3d42-40d0-a505-d85fe394f599,drink.onl,premium,55,110,high,low,5,dynadot,,,08/10/2026 08:25
2b800a27-aded-406f-b4f3-b8dde2237834,cuisine.vana,available,2070.2,2070.2,high,low,7,spaceship,,,08/10/2026 23:02
3ccd77d0-ee43-4ccf-8ee3-ded992954cc1,drink.show,resell,,,high,low,5,"DNSPod, Inc.",16/04/2024 15:15,16/04/2027 15:15,08/10/2026 08:25
3e7670d6-1110-4f35-a9f2-83eb0ca4516b,beverage.plumbing,available,56.2,56.2,high,low,8,cloudflare,,,07/10/2026 00:20
26c3ff09-dfc8-4ddb-87a0-78d1a9947397,cuisine.college,resell,,,high,low,7,"GoDaddy.com, LLC",29/09/2015 18:34,29/09/2027 23:59,08/10/2026 23:02
b45320b3-b4de-4641-ae91-7091f2b5af00,cuisine.law,available,83,83,high,low,7,spaceship,,,08/10/2026 23:02
a3307f5c-8a72-4c54-83f0-8691964e1199,cuisine.paris,premium,1232.12,1232.12,high,low,7,dynadot,,,08/10/2026 23:02
9fadea82-06dd-49c7-bd91-a7b75fa26d27,beverage.beauty,available,1.99,17.29,high,low,8,namesilo,,,07/10/2026 00:20
c7c8145f-2fa6-4cb0-af4d-95dbfcb5e40f,beverage.fitness,available,2.79,33.32,high,low,8,spaceship,,,07/10/2026 00:20
dc8dff56-997b-41b7-a256-0f4f21c45ca5,beverage.cyou,premium,74.75,149.5,high,low,8,namecheap,,,07/10/2026 00:20
77a6075f-8df2-451c-b487-b8442ff409a0,restaurant.singles,available,7.17,28.04,high,low,10,dynadot,,,06/10/2026 09:09
b40dd8f9-5349-4c1f-88e5-27882349047b,cuisine.you,premium,53.92,53.92,high,low,7,namesilo,,,08/10/2026 23:02
51906b2f-9f62-4d61-a496-3ada38203d47,restaurant.apartments,available,60.98,72.98,high,low,10,namecheap,,,06/10/2026 09:09
a48d7d69-bebb-4a30-849a-cf8a4b9a75f7,restaurant.video,premium,310.7,621.2,high,low,10,spaceship,,,06/10/2026 09:09
6c654cf4-f18b-485d-bb33-d30abdf04307,beverage.vodka,available,33.98,43.98,high,low,8,namecheap,,,07/10/2026 00:20
4e435283-2f71-43c5-8f3a-2547a441f72c,drink.fast,premium,103.7,102.67,high,low,5,spaceship,,,08/10/2026 08:25
9841143f-bf77-49c5-a664-0046e76d78b8,beverage.space,premium,500.2,517.7,high,low,8,unstoppable,,,07/10/2026 00:20
da558fa5-c6a3-4bc5-9ce7-0ddf2ff8890e,cuisine.games,available,33.99,33.99,high,low,7,namesilo,,,08/10/2026 23:02
4f4ea97d-4275-40ca-9e54-1d44470f6e12,restaurant.exposed,premium,207.2,207.2,high,low,10,spaceship,,,06/10/2026 09:09
8b2de6eb-5532-4c40-9997-374cf4c991ef,beverage.bid,available,5.25,6.25,high,low,8,namesilo,,,07/10/2026 00:20
8b4b93b1-191c-4603-9721-bfb78626d035,cuisine.wine,premium,242,242,high,low,7,namesilo,,,08/10/2026 23:02
16a75538-c0b8-44fb-bef4-a487a3d0466e,restaurant.deal,premium,11000,11000,high,low,10,dynadot,,,06/10/2026 09:09
e13f1203-147e-42d3-a2a2-9677eabb2b59,cuisine.bargains,available,17.99,26.49,high,low,7,namesilo,,,08/10/2026 23:02
0f701e05-406e-438d-8857-acc1c7f30785,meal.food,premium,302.5,302.5,high,low,4,namesilo,,,25/09/2026 09:17
6254b7b4-797d-4740-8ed7-507f33301cbd,cuisine.airforce,available,103.99,103.99,high,low,7,namesilo,,,08/10/2026 23:02
44d679be-8a77-4713-a2bd-961681f3a4c8,beverage.taxi,available,8.98,69.98,high,low,8,namecheap,,,07/10/2026 00:20
8cdd81e9-0c96-4a97-9e46-c12a31ec692f,drink.boo,premium,1034.17,1034.17,high,low,5,spaceship,,,08/10/2026 08:25
e1109b2a-f760-4bd2-9f10-2564809bbfd1,cuisine.deals,available,31.25,31.25,high,low,7,spaceship,,,08/10/2026 23:02
eab7500b-5b19-42fe-8c30-05ac4e3921ab,drink.promo,premium,1035.2,1035.2,high,low,5,spaceship,,,08/10/2026 08:25
77ce131a-5490-4945-aecd-a77009d60c5e,cuisine.barcelona,available,25.04,25.04,high,low,7,spaceship,,,08/10/2026 23:02
a9cd0096-748a-4626-9dc9-49d4773242b8,restaurant.poker,available,5.38,54.02,high,low,10,spaceship,,,06/10/2026 09:09
6c75286c-de61-4874-9c38-61b449b67776,cuisine.villas,available,59.99,59.99,high,low,7,namesilo,,,08/10/2026 23:02
6250fcca-345a-4d0b-9411-d3d1c5f04abc,restaurant.airforce,available,83,83,high,low,10,spaceship,,,06/10/2026 09:09
2f0b9d9d-cad0-4e4e-9178-e203600d6d74,restaurant.plumbing,available,58.16,58.16,high,low,10,spaceship,,,06/10/2026 09:09
62585a17-6a5e-47f8-9935-163bfe446780,drink.audio,available,104.99,114.99,high,low,5,namesilo,,,08/10/2026 08:25
deb82c67-f65b-4455-9297-82025c6b8053,beverage.forum,available,1.24,31.16,high,low,8,spaceship,,,07/10/2026 00:20
9ce405a0-96ef-475a-b6ee-c7e26090cd60,cuisine.gmbh,available,59.99,59.99,high,low,7,namesilo,,,08/10/2026 23:02
b031d11c-5e2e-4dff-a4a6-bbfc4f438838,restaurant.health,premium,1035.2,62.3,high,low,10,spaceship,,,06/10/2026 09:09
11d03934-9852-4713-8645-993a0b67f0ae,cuisine.singles,available,9.49,33.99,high,low,7,namesilo,,,08/10/2026 23:02
a500d97c-a7fe-4120-93b0-b58fa0eb4a98,drink.trading,available,16.76,16.76,high,low,5,spaceship,,,08/10/2026 08:25
9bef5deb-cee5-4a8c-99bb-1366710c61b2,drink.sbs,premium,384,768,high,low,5,namesilo,,,08/10/2026 08:25
c88beda8-469f-4f4d-a162-dcd88860edf2,beverage.website,premium,640,640,high,low,8,namesilo,,,07/10/2026 00:20
3d0ca019-2529-4e64-9ee8-e9bedb5507b7,drink.contact,available,11.59,11.59,high,low,5,spaceship,,,08/10/2026 08:25
6fbfc0c1-bc89-40fb-b7b0-94410db5f001,drink.stream,premium,517.7,67.48,high,low,5,spaceship,,,08/10/2026 08:25
1e957760-daa2-4e00-8444-aded1a58afc9,cuisine.observer,premium,11.8,11.8,high,low,7,namesilo,,,08/10/2026 23:02
97e44edd-c719-4597-b686-faee30131d8b,beverage.army,available,18.99,39.99,high,low,8,namesilo,,,07/10/2026 00:20
475a4864-1509-4f66-b0d3-a1da749eac44,cuisine.casino,available,6.41,129.58,high,low,7,spaceship,,,08/10/2026 23:02
3c1f64d7-94de-4c0e-bac0-610a77e6d17a,drink.app,premium,1655.17,1655.17,high,low,5,spaceship,,,08/10/2026 08:25
57e97a30-34d8-400c-a16e-2e2475c5e70b,beverage.host,available,4.5,84.75,high,low,8,dynadot,,,07/10/2026 00:20
20b25e40-0b88-4a0d-9f37-474ed8f6d06a,cuisine.catering,available,31.25,31.25,high,low,7,spaceship,,,08/10/2026 23:02
3d25a98e-80ca-4fd4-af3f-b6027fb499f5,beverage.catering,available,31.25,31.25,high,low,8,spaceship,,,07/10/2026 00:20
ccf46763-4ccc-4790-aeb1-c392eeb84989,cuisine.blog,premium,517.7,2070.2,high,low,7,spaceship,,,08/10/2026 23:02
7e99b823-b55d-4c0b-bb0e-7f12f0805f5e,drink.support,available,8.99,26.99,high,low,5,namesilo,,,08/10/2026 08:25
e31f744f-8493-4afa-9612-1431b78cb9e0,beverage.sexy,available,2749.99,2749.99,high,low,8,namesilo,,,07/10/2026 00:20
9e79762e-3a91-44a5-b951-cfd0076cbefb,cuisine.plumbing,available,72.99,72.99,high,low,7,namesilo,,,08/10/2026 23:02
3d7d8320-b54e-441e-8315-de320f578a43,drink.esq,premium,1299.2,1344.67,high,low,5,unstoppable,,,08/10/2026 08:25
023656b3-0d66-4d66-8289-3f8b905d0d12,beverage.financial,available,45.2,45.2,high,low,8,cloudflare,,,07/10/2026 00:20
c9b5e5c5-a14a-4c1f-b573-b569764fd365,cuisine.lawyer,available,49.88,49.88,high,low,7,spaceship,,,08/10/2026 23:02
ce0c1584-5ecf-4934-8193-98746cd11e37,drink.technology,resell,17.99,41.99,high,low,5,"Spaceship, Inc.",23/02/2026 08:56,23/02/2027 08:56,08/10/2026 08:25
90b085c1-5af1-4502-aa1c-4d5d549de306,drink.download,available,4.18,5.18,high,low,5,cloudflare,,,08/10/2026 08:25
b74b35c9-7a1b-47a6-8026-8b23e1ed932f,cuisine.win,premium,455,65,high,low,7,namecheap,,,08/10/2026 23:02
bdcb3394-38aa-46c3-8e2f-d49f369a375f,beverage.pw,premium,517.5,517.5,high,low,8,spaceship,,,07/10/2026 00:20
dee9ac0e-b720-46dd-9af3-93b76e902a39,beverage.tours,available,10.99,61.99,high,low,8,namesilo,,,07/10/2026 00:20
e384b6d8-d39a-40e8-b67e-e9b6072d8ed6,restaurant.attorney,premium,828.2,828.2,high,low,10,spaceship,,,06/10/2026 09:09
2414ae3f-0d1f-4b28-adcf-69b84b590cc4,restaurant.diamonds,available,57.98,72.98,high,low,10,namecheap,,,06/10/2026 09:09
1a26a2c4-f0ec-42f7-8e8e-a6411f0295eb,cuisine.day,premium,59.2,76.7,high,low,7,unstoppable,,,08/10/2026 23:02
ddf7ac44-3b33-41c8-9534-d410dacf041f,restaurant.vc,resell,,,high,low,10,"Name.com, Inc.",06/04/2019 07:12,06/04/2027 07:12,06/10/2026 09:09
eb60f2f9-e86b-45dc-8c39-935dca325310,beverage.foo,premium,61.27,61.27,high,low,8,spaceship,,,07/10/2026 00:20
0e460cc4-cfd3-49e7-9f42-d3155350b283,cuisine.press,premium,258.95,517.7,high,low,7,spaceship,,,08/10/2026 23:02
14ba3b7d-aea8-4a58-9101-9836c23d5a63,cuisine.channel,premium,61.27,61.27,high,low,7,spaceship,,,08/10/2026 23:02
3e241629-4447-4553-8733-5513c04cfdbf,meal.fast,premium,650,650,high,low,4,namecheap,,,25/09/2026 09:17
81ac5f0d-bfc9-4b7f-8a08-12088da5aee7,cuisine.cloud,resell,,,high,low,7,"Spaceship, Inc.",11/08/2022 00:00,11/08/2027 00:00,08/10/2026 23:02
cc9eabbd-e2bd-4d42-a6a9-40cc5ea87669,drink.photos,available,15.99,29.99,high,low,5,namesilo,,,08/10/2026 08:25
8d28315f-8464-4580-8e3e-228198bb8ea4,cuisine.audio,available,104.99,114.99,high,low,7,namesilo,,,08/10/2026 23:02
e6e4fe90-17dc-4806-9f4d-227fb81cb849,cuisine.us,resell,,,high,low,7,"GoDaddy.com, LLC",15/07/2013 18:01,14/07/2027 23:59,08/10/2026 23:02
054997d1-3ad1-4a92-88b6-58734df5a7ad,drink.restaurant,available,11.98,91.98,high,low,5,namecheap,,,08/10/2026 08:25
59a73f31-c904-4ed5-8b63-0ccb11b57d3b,cuisine.film,available,77.98,97.98,high,low,7,namecheap,,,08/10/2026 23:02
08edb846-45c0-4784-b515-0290a78cc179,beverage.biz,resell,,,high,low,8,Dynadot Inc,27/04/2012 17:01,26/04/2028 23:59,07/10/2026 00:20
1d390ee0-f296-4717-acc3-66246fd7708c,beverage.theater,available,51.95,51.95,high,low,8,spaceship,,,07/10/2026 00:20
fb492e39-96de-4a53-abe6-363e83867085,restaurant.sucks,premium,2728.7,2728.7,high,low,10,namecheap,,,06/10/2026 09:09
ea7d4a1e-7abf-4f5e-b80f-b69571b159b5,beverage.vip,premium,640,17.7,high,low,8,namesilo,,,07/10/2026 00:20
07731ef1-7df4-4c96-821e-8e74736299d0,beverage.ag,available,89.99,79.99,high,low,8,namesilo,,,07/10/2026 00:20
d7f7dba7-f912-4f72-b7d3-48927276a4c1,cuisine.nyc,premium,3450,29.5,high,low,7,namesilo,,,08/10/2026 23:02
5978daf4-54d4-4592-a037-f7ec9d655c4f,drink.page,premium,1278.72,1278.72,high,low,5,namesilo,,,08/10/2026 08:25
c35b4bc4-6b9f-4597-b00e-b7f6f0530a97,cuisine.poker,available,10.99,67.99,high,low,7,namesilo,,,08/10/2026 23:02
b21f740a-af16-4438-b2f9-a53234d63d3a,restaurant.memorial,available,41.6,41.6,high,low,10,spaceship,,,06/10/2026 09:09
a2e73e4c-5088-48b6-b979-97dca2a53afa,drink.moi,premium,960,960,high,low,5,namesilo,,,08/10/2026 08:25
9ce43e12-e6f3-47ff-9999-c19023bcf716,drink.finance,available,50.2,50.2,high,low,5,cloudflare,,,08/10/2026 08:25
c2525ece-102e-48ed-b4a8-d342dbdfb631,beverage.tennis,available,89.99,89.99,high,low,8,namesilo,,,07/10/2026 00:20
48057d00-686c-4571-8bcd-4d7ba50ccae5,restaurant.clothing,available,32.99,32.99,high,low,10,namesilo,,,06/10/2026 09:09
5ecb5b45-c136-4153-aa2c-017f7f8291cd,beverage.phd,premium,63.7,63.7,high,low,8,namecheap,,,07/10/2026 00:20
ee0bc59d-1772-496a-bad4-876f887311cd,beverage.chat,available,5.57,41.95,high,low,8,dynadot,,,07/10/2026 00:20
1dab7461-e3d3-4a92-b78a-c204fa017bca,drink.glass,available,66.56,66.56,high,low,5,dynadot,,,08/10/2026 08:25
cceac255-7247-46e6-80e8-f69870782ba7,cooking.vodka,available,32.49,32.49,high,low,7,namesilo,,,08/10/2026 08:31
c03c387a-bd36-4b82-8711-af6d53781245,beverage.email,available,7,30.99,high,low,8,unstoppable,,,07/10/2026 00:20
c8bf553b-1db9-4636-bedc-fc45cbfb002a,restaurant.blue,resell,,,high,low,10,"Spaceship, Inc.",18/12/2018 03:14,18/12/2026 03:14,06/10/2026 09:09
a9a60cc5-b233-42dc-9762-243568eef990,cuisine.photo,premium,116,116,high,low,7,namesilo,,,08/10/2026 23:02
42ac8794-28de-411e-922a-850e77d54b19,restaurant.football,available,10.92,23.76,high,low,10,dynadot,,,06/10/2026 09:09
579b73eb-9628-4fe4-a652-3f80e6a11637,restaurant.study,premium,103.7,103.7,high,low,10,spaceship,,,06/10/2026 09:09
a42a5b2c-ecb4-4342-affd-21b4385ae6ed,beverage.review,premium,1300,130,high,low,8,namecheap,,,07/10/2026 00:20
938d35f6-fac0-43b8-9349-211e61290664,restaurant.actor,available,16.99,44.49,high,low,10,namesilo,,,06/10/2026 09:09
e60c153e-f9d7-4373-83cb-1a798665057f,cuisine.porn,available,95.2,95.2,high,low,7,cloudflare,,,08/10/2026 23:02
8f725c99-61b7-41e6-89ab-825646711700,drink.adult,available,95.2,95.2,high,low,5,cloudflare,,,08/10/2026 08:25
ab7fc7c2-aa24-40fb-b096-4aad12a32ac4,restaurant.coffee,resell,,,high,low,10,Dynadot Inc,08/08/2023 08:18,08/08/2028 08:18,06/10/2026 09:09
e2b83c4c-bb78-4d4c-a5b8-f2ba523f7065,restaurant.space,premium,687.5,2750,high,low,10,dynadot,,,06/10/2026 09:09
f0ed3807-e8cc-4189-bb9d-60dfe800b41f,drink.tennis,available,50.2,50.2,high,low,5,cloudflare,,,08/10/2026 08:25
76a97bfd-6e20-46ec-a489-d6c546916e5b,culinary.rest,premium,576,576,high,low,8,namesilo,,,19/09/2026 15:04
c809ba10-686a-4e7e-b162-dfb39aeb2dac,restaurant.archi,available,19.99,103.99,high,low,10,namesilo,,,06/10/2026 09:09
3b1f0970-f9b6-4d2f-862f-1e60236f530d,drink.management,available,25.99,25.99,high,low,5,namesilo,,,08/10/2026 08:25
4786b981-cf1c-4054-bc5a-f10b3508d7fc,beverage.wtf,available,7,49.48,high,low,8,unstoppable,,,07/10/2026 00:20
3e181c52-1d26-4913-a42f-de7d4d1e5be9,drink.markets,premium,200.5,207.2,high,low,5,unstoppable,,,08/10/2026 08:25
1a8e8475-cc91-4e17-b7c5-5f01a1acc8eb,cuisine.ag,available,89.99,79.99,high,low,7,namesilo,,,08/10/2026 23:02
d3eb1a27-17d3-479d-b8d0-a0c97d161d34,kitchen.food,premium,1449.2,2070.2,high,low,7,spaceship,,,30/09/2026 01:38
1c481ba3-1ac3-4afd-85a5-d4a10dfc9e8f,beverage.condos,available,58.99,58.99,high,low,8,namesilo,,,07/10/2026 00:20
c1e18bae-6ee4-43a4-814f-0d2c97720ddf,beverage.channel,premium,30.22,30.22,high,low,8,spaceship,,,07/10/2026 00:20
28b717e5-18d2-486e-bb5b-c9c40f770da2,restaurant.style,premium,68.51,68.51,high,low,10,spaceship,,,06/10/2026 09:09
696ee4e0-308d-4c35-ab9c-47c846527d72,drink.fashion,premium,41.6,26.08,high,low,5,spaceship,,,08/10/2026 08:25
dfcfd4bf-03b6-4fd4-b8ae-82fd1c48dacb,restaurant.forex,available,13.5,83,high,low,10,unstoppable,,,06/10/2026 09:09
9aa5838d-de3b-484d-b22b-2fa99442b877,cuisine.hair,available,1.24,13.97,high,low,7,spaceship,,,08/10/2026 23:02
3c6a7875-d1a0-4843-9ac4-3b4274937f57,beverage.fail,available,31.25,31.25,high,low,8,spaceship,,,07/10/2026 00:20
2724c47f-be0f-4cdb-adb2-9a6ef1ac473e,cuisine.pictures,available,12.62,12.62,high,low,7,spaceship,,,08/10/2026 23:02
60fd372b-0b76-4026-b9e0-c794a800d1c5,drink.events,available,15.99,69.99,high,low,5,namesilo,,,08/10/2026 08:25
89b5f3ae-300d-4819-9e53-280fc83d8572,cuisine.company,available,20.99,20.99,high,low,7,namesilo,,,08/10/2026 23:02
53adc599-8d39-40d7-84b9-ffe483eadbeb,drink.moe,available,13.06,13.06,high,low,5,dynadot,,,08/10/2026 08:25
c3cd908b-ccdb-4e0d-b333-40555d0908ff,beverage.properties,available,18,31.25,high,low,8,unstoppable,,,07/10/2026 00:20
2c834877-cb55-404a-a3f1-523b24da7759,drink.wedding,premium,83,26.08,high,low,5,spaceship,,,08/10/2026 08:25
37d9b82f-6dd1-40b8-a62a-e047c025317f,beverage.new,available,412.2,412.2,high,low,8,spaceship,,,07/10/2026 00:20
20ab2b2b-b348-4f84-b7f4-020f6fdfb34c,beverage.cleaning,available,60.23,60.23,high,low,8,spaceship,,,07/10/2026 00:20
3d71c05e-5750-4908-ae67-4befe19d285b,beverage.luxe,available,19.49,19.49,high,low,8,namesilo,,,07/10/2026 00:20
07e648a4-ddf9-4de3-8c14-26c59b1b6a8f,cuisine.financial,available,23.99,58.99,high,low,7,namesilo,,,08/10/2026 23:02
ebceb721-2cb5-446f-8856-93a28705fa31,cuisine.ltd,available,4.34,25.04,high,low,7,spaceship,,,08/10/2026 23:02
af6d65db-b986-4042-9f51-93bbac6a80f1,beverage.sbs,premium,68.43,147.2,high,low,8,namesilo,,,07/10/2026 00:20
66114de9-2dfe-4abb-9c72-c71e97ab8475,meal.online,premium,13800,13800,high,low,4,namesilo,,,25/09/2026 09:17
2f269349-344a-496f-ae95-12888f2056f5,drink.democrat,available,7.25,7.25,high,low,5,namesilo,,,08/10/2026 08:25
226e1fc4-4765-462b-beb9-5c24168f578b,restaurant.cleaning,premium,78.54,78.54,high,low,10,namesilo,,,06/10/2026 09:09
ed42de67-c643-415b-9df2-c36d850eeb7d,meal.osaka,available,32.98,41.98,high,low,4,namecheap,,,25/09/2026 09:17
f71eae1b-cbdd-4462-9a09-8266c7faa529,cuisine.associates,available,11.59,31.25,high,low,7,spaceship,,,08/10/2026 23:02
7c03dfbf-9f1a-4f3c-85d5-aeae684b86d6,restaurant.college,premium,517.7,517.7,high,low,10,spaceship,,,06/10/2026 09:09
fa822610-2c13-431c-a47c-578f2efe68b2,kitchen.rest,premium,1152,1152,high,low,7,namesilo,,,30/09/2026 01:38
455884a1-bd13-47fa-b597-ead48aa44cd9,beverage.christmas,available,34.99,34.99,high,low,8,namesilo,,,07/10/2026 00:20
4bf735fb-e881-473f-a915-f8660ff07668,beverage.protection,available,2064.2,2064.2,high,low,8,spaceship,,,07/10/2026 00:20
09803b71-b50e-4da3-aa7d-7eb2b4e02197,beverage.band,available,20.99,31.49,high,low,8,namesilo,,,07/10/2026 00:20
671808c9-ae24-4825-975a-275146de5a07,meal.nyc,premium,1107,29.5,high,low,4,namesilo,,,25/09/2026 09:17
a43bc303-476a-4b81-b516-cc19521871a8,drink.market,resell,,,high,low,5,"GoDaddy.com, LLC",13/06/2021 12:45,13/06/2027 12:45,08/10/2026 08:25
44b2abcb-1554-40b3-bbc9-932e02b87fc4,beverage.berlin,available,54.25,54.25,high,low,8,dynadot,,,07/10/2026 00:20
2db6690b-f161-4cb8-b8a0-d8af768c0dea,drink.vin,premium,207.2,207.2,high,low,5,spaceship,,,08/10/2026 08:25
3e56dad5-b996-48a1-9b27-54f33adcc3d1,cuisine.protection,available,1999.99,2049.99,high,low,7,namesilo,,,08/10/2026 23:02
bc4f32e4-e545-49f7-8766-a143a754d42d,cuisine.ing,premium,362.45,362.45,high,low,7,spaceship,,,08/10/2026 23:02
dc033813-401c-411b-9fb3-6a4592a31500,drink.miami,premium,5520,21.24,high,low,5,namesilo,,,08/10/2026 08:25
5e5e49f5-459d-4be7-943f-0b1e9ad0d296,cuisine.cfd,premium,59.71,119.23,high,low,7,spaceship,,,08/10/2026 23:02
153256bb-7e51-4428-83c7-0db65bcfbf50,cuisine.photos,available,23.2,23.2,high,low,7,cloudflare,,,08/10/2026 23:02
93f7af5e-ef60-4d99-b416-0e0c5fe39fe0,drink.info,resell,,,high,low,5,"GoDaddy.com, LLC",28/09/2025 15:15,28/09/2027 15:15,08/10/2026 08:25
44c717c6-0435-419a-92bf-9e9f454b7143,meal.baby,resell,,,high,low,4,"Spaceship, Inc.",20/07/2026 20:41,20/07/2027 23:59,26/09/2026 07:29
08ccd8ef-873d-4500-96b1-20fe36a7c3d7,beverage.estate,available,6.98,52.98,high,low,8,namecheap,,,07/10/2026 00:20
11db485f-4335-4af0-a360-124b2960d770,beverage.glass,available,56.2,56.2,high,low,8,cloudflare,,,07/10/2026 00:20
0d3c0831-6377-4e2f-883d-ad58d9e102cd,cuisine.melbourne,available,58,58,high,low,7,namesilo,,,08/10/2026 23:02
1d5053f1-ddde-4474-b124-cb0b19abbf92,beverage.moda,available,33.32,33.32,high,low,8,spaceship,,,07/10/2026 00:20
c5ff3d15-f02c-48d1-9d76-434ea8c6e385,cuisine.gifts,available,29.18,29.18,high,low,7,spaceship,,,08/10/2026 23:02
71f8ce4a-551d-429b-9aa9-cc53e2424951,beverage.forsale,premium,99.5,108.6,high,low,8,unstoppable,,,07/10/2026 00:20
11a930f2-80b4-4cae-a6fd-86f4683fe2b9,beverage.surgery,available,43.67,43.67,high,low,8,spaceship,,,07/10/2026 00:20
4285c475-a861-485e-9595-3cc0283620c7,beverage.market,available,35.39,35.39,high,low,8,spaceship,,,07/10/2026 00:20
29dab033-0d0b-408c-b7ae-25c17a36f025,drink.pet,available,6.41,20.9,high,low,5,spaceship,,,08/10/2026 08:25
3f866beb-942d-4594-a2ec-8391940ae574,drink.date,premium,517.7,258.95,high,low,5,spaceship,,,08/10/2026 08:25
410bb577-4e78-40a9-bffc-ba9088fc25a6,cuisine.tienda,available,59.99,59.99,high,low,7,namesilo,,,08/10/2026 23:02
2a9a3ab5-92bd-4fcd-8ff3-a7ea6e9cd963,cuisine.diy,premium,455,650,high,low,7,namecheap,,,08/10/2026 23:02
d284b350-7780-46e3-92a1-4fae5dfce488,cuisine.sarl,available,6.99,6.99,high,low,7,namesilo,,,08/10/2026 23:02
f8ce69d3-d168-4c33-a966-cf9d8a0c768c,beverage.solar,available,64.99,64.99,high,low,8,namesilo,,,07/10/2026 00:20
e6cc686b-4253-48aa-bf3e-8ad60ba8446d,cuisine.jetzt,available,23.99,23.99,high,low,7,namesilo,,,08/10/2026 23:02
d2cc49f9-498b-4451-ae8c-1e3cbf664061,restaurant.limo,available,43.67,43.67,high,low,10,spaceship,,,06/10/2026 09:09
58d1e32c-09fe-4038-b057-a4bf31d1b17b,cuisine.beauty,available,1.99,17.29,high,low,7,namesilo,,,08/10/2026 23:02
c84fa28a-c6ca-4e7b-a43f-5778ab4bcbd2,beverage.memorial,available,134.99,134.99,high,low,8,namesilo,,,07/10/2026 00:20
08257119-34bd-4dae-bbfb-e223f5e4c3cf,drink.marketing,available,32.2,32.2,high,low,5,cloudflare,,,08/10/2026 08:25
f3dc2572-c5ba-4c86-9e8e-3b0d3798c59d,restaurant.gallery,premium,54.36,108.6,high,low,10,porkbun,,,06/10/2026 09:09
1cd5eee4-e2f9-40b1-b82e-d54b370327fb,beverage.ltda,available,34.99,34.99,high,low,8,namesilo,,,07/10/2026 00:20
7b4c47bd-78be-457a-95f2-c8369774d348,cuisine.fail,available,31.25,31.25,high,low,7,spaceship,,,08/10/2026 23:02
9a3d43da-a6ab-49ab-a699-567f643128c1,beverage.fast,premium,53.92,53.92,high,low,8,namesilo,,,07/10/2026 00:20
b80a3c7a-1443-4628-880c-c41b700f35fc,beverage.music,available,38.5,38.5,high,low,8,spaceship,,,07/10/2026 00:20
e7fce71f-ebaf-4db2-b433-07b77e54777e,meal.gives,available,14.99,23.99,high,low,4,namesilo,,,25/09/2026 09:17
de7b5b1e-3173-41ac-864b-7bf9e279f46b,beverage.vision,available,35.2,35.2,high,low,8,cloudflare,,,07/10/2026 00:20
8e5c427e-9a00-4698-b92c-26ab467ac3e6,restaurant.lgbt,premium,640,640,high,low,10,namesilo,,,06/10/2026 09:09
236b0b80-d4e6-41d7-ad9b-2210b7aae142,meal.vegas,available,19.98,64.98,high,low,4,namecheap,,,25/09/2026 09:17
9379ed53-8b01-4797-85d2-c01d91e12b3f,restaurant.wedding,premium,83,26.08,high,low,10,spaceship,,,06/10/2026 09:09
c4b65866-a511-4938-b0f8-3b08cee83e23,cuisine.degree,available,54.98,66.98,high,low,7,namecheap,,,08/10/2026 23:02
86eca12e-69f1-4e9d-a2aa-2a7da05e2f1d,restaurant.maison,premium,102.67,102.67,high,low,10,spaceship,,,06/10/2026 09:09
f75bbc8b-dc2f-47f9-afae-f044247f2fb5,cuisine.bio,premium,102.67,102.67,high,low,7,spaceship,,,08/10/2026 23:02
de83a384-3522-4bd5-85dc-39a979bf8958,drink.click,premium,302.5,302.5,high,low,5,namesilo,,,08/10/2026 08:25
3631a8b5-ad21-4b97-b885-31b5e4ac7006,beverage.you,premium,53.92,53.92,high,low,8,namesilo,,,07/10/2026 00:20
cef7b274-bbda-48ad-bc5d-5ecb634b9055,beverage.codes,available,8.99,71.99,high,low,8,namesilo,,,07/10/2026 00:20
a0f0377a-06e8-4407-b42c-9784a04d0c21,restaurant.bet,available,7.96,20.9,high,low,10,spaceship,,,06/10/2026 09:09
9ec87b0d-ba85-46e1-abd2-cbeb8e51a2cb,drink.porn,available,51.95,98.53,high,low,5,spaceship,,,08/10/2026 08:25
be5989a8-dac9-44c6-9add-ee2d132c5a4d,restaurant.mobile,premium,330,330,high,low,10,dynadot,,,06/10/2026 09:09
74ff0864-ddb4-403d-bc82-c8c19f80613e,cuisine.forex,available,10.55,83,high,low,7,spaceship,,,08/10/2026 23:02
a5828588-bcb2-4aa9-9773-45ee0be4b3a2,meal.game,available,309.99,429.99,high,low,4,namesilo,,,25/09/2026 09:17
a25824bf-99eb-4305-85eb-7169cbbdfa3f,cuisine.rehab,available,8.24,33.39,high,low,7,dynadot,,,08/10/2026 23:02
727859d3-cacd-4992-8940-25839afae1fd,beverage.organic,available,17.99,85.99,high,low,8,namesilo,,,07/10/2026 00:20
815bd885-0078-4ba3-b4c7-5638d0f095e0,cuisine.world,premium,99.5,108.6,high,low,7,unstoppable,,,08/10/2026 23:02
7105878c-1fb8-4a79-a7d7-22acbcd42a3f,cuisine.news,premium,440,440,high,low,7,dynadot,,,08/10/2026 23:02
9b22872f-e7dc-468f-a459-5914687d8485,beverage.lease,available,56.99,56.99,high,low,8,namesilo,,,07/10/2026 00:20
150a8af2-3ce4-4706-a3a5-654a772dae5a,drink.cars,available,1863.2,2064.2,high,low,5,spaceship,,,08/10/2026 08:25
6f6ef479-08f4-4ecc-a82f-e2a555e4a1e6,drink.prof,premium,1344.67,1344.67,high,low,5,spaceship,,,08/10/2026 08:25
af26cb5e-3a79-45cc-b9d1-527b256fa769,beverage.online,resell,,,high,low,8,Xin Net Technology Corporation,31/08/2015 09:43,31/08/2027 23:59,07/10/2026 00:20
3f6865f4-5835-43e9-9e26-8f146f5f41ae,cuisine.tel,available,9.49,9.49,high,low,7,spaceship,,,08/10/2026 23:02
880725b7-0d3d-4d89-a896-f68ff0cf8406,restaurant.xxx,available,95.2,95.2,high,low,10,cloudflare,,,06/10/2026 09:09
24320a21-971e-4ab7-af38-2a7eaf83f3b4,meal.pizza,available,17.99,64.99,high,low,4,namesilo,,,25/09/2026 09:17
d8e82ed2-d029-4fb9-a3fd-723db714bc85,meal.tienda,available,59.99,59.99,high,low,4,namesilo,,,25/09/2026 09:17
f8354691-e1cb-4875-bf5b-a8d64da8c0c7,meal.fail,available,38.99,38.99,high,low,4,namesilo,,,25/09/2026 09:17
cae76df1-e901-413d-a417-ea8bd29f3900,restaurant.vegas,resell,,,high,low,10,Dynadot Inc,16/06/2025 13:10,16/06/2027 13:10,06/10/2026 09:09
9d4b8cf1-65aa-4018-8a0e-23fd154ecf38,restaurant.zone,resell,,,high,low,10,"DNSPod, Inc.",17/07/2020 22:50,17/07/2027 22:50,06/10/2026 09:09
d55a4f24-0c6e-4962-92d5-e39fb1a69fc2,restaurant.flights,premium,242,242,high,low,10,namesilo,,,06/10/2026 09:09
237a74cc-fe15-488f-85a4-a07848999e09,meal.school,available,38.48,49.98,high,low,4,namecheap,,,25/09/2026 09:17
31c601c1-ba16-431d-a596-1031d3376bba,restaurant.boo,premium,516.67,516.67,high,low,10,spaceship,,,06/10/2026 09:09
d520c1f2-6e43-40f4-9d48-b6ee9884431a,meal.shiksha,available,11.98,69.98,high,low,4,namecheap,,,25/09/2026 09:17
ccdd04c2-ef88-4eb9-9fe4-9e6b7c29e622,beverage.services,resell,,,high,low,8,"Name.com, Inc.",18/06/2023 23:58,18/06/2027 23:58,07/10/2026 00:20
73d043c9-18f5-495a-a127-6c65c8ede546,beverage.auction,available,28.2,28.2,high,low,8,cloudflare,,,07/10/2026 00:20
fd314c69-5da1-4716-9e12-93d0ca7e4578,cuisine.plus,resell,,,high,low,7,"DNSPod, Inc.",14/10/2024 15:15,14/10/2030 15:15,08/10/2026 23:02
05ce9c8c-6914-443c-8c6f-4ff1709d4298,dining.restaurant,premium,118.8,118.8,high,low,6,namesilo,,,29/09/2026 15:00
38a47688-50eb-4d07-a7a1-8109d4f36aa0,drink.rehab,available,36.99,36.99,high,low,5,namesilo,,,08/10/2026 08:25
80749947-316c-4d2c-84f2-26a43521596d,beverage.icu,premium,68.43,147.2,high,low,8,namesilo,,,07/10/2026 00:20
6a6f0cc8-0ab7-4abf-b005-ce8474d2d2ce,cuisine.army,available,18.99,39.99,high,low,7,namesilo,,,08/10/2026 23:02
2f7dfb95-dabd-4a18-b704-c7c8cce37f63,drink.shop,premium,2750,2750,high,low,5,dynadot,,,08/10/2026 08:25
ca86da66-0d90-4398-b8f3-18a0f7447b6d,drink.villas,available,10.92,54.79,high,low,5,dynadot,,,08/10/2026 08:25
0c0e9741-73f2-4915-87b7-59e5e4ae6493,drink.family,premium,1035.2,1035.2,high,low,5,spaceship,,,08/10/2026 08:25
9183d863-ed7d-4584-a4e4-874056243d76,meal.immobilien,available,39.98,43.98,high,low,4,namecheap,,,25/09/2026 09:17
fe070021-cc39-41b5-afc5-cca44febd471,beverage.kim,available,5.38,18.83,high,low,8,spaceship,,,07/10/2026 00:20
31181b0d-afe4-427d-a55f-1ddb482f649e,cuisine.hosting,available,309.99,429.99,high,low,7,namesilo,,,08/10/2026 23:02
05c23757-8dd1-49ea-9d8a-9d5f6789ef28,drink.group,resell,,,high,low,5,Alibaba Cloud Computing Ltd. d/b/a HiChina (www.net.cn),19/06/2018 13:06,19/06/2029 13:06,08/10/2026 08:25
883c6e2f-5423-4192-849f-fde555dd651c,meal.condos,available,61.98,72.98,high,low,4,namecheap,,,25/09/2026 09:17
1c0e07aa-0b9b-4bca-8a8d-e84f5d5d66e4,restaurant.dealer,premium,1604.45,2070.2,high,low,10,spaceship,,,06/10/2026 09:09
f9b48c3c-5be1-4bc7-b272-aa1d38ca4b30,drink.guitars,available,100.2,100.2,high,low,5,cloudflare,,,08/10/2026 08:25
a235e6eb-6b7b-4d95-9b62-b27a64254562,drink.plus,resell,,,high,low,5,"DNSPod, Inc.",31/07/2018 05:48,31/07/2027 05:48,08/10/2026 08:25
6e3d6e81-5c82-4eaa-af03-448147dcbaf4,restaurant.bargains,premium,99.5,102.67,high,low,10,unstoppable,,,06/10/2026 09:09
69c7afb3-fb49-4555-8274-5ff1c53aeae4,meal.auction,available,36.99,36.99,high,low,4,namesilo,,,25/09/2026 09:17
8418e115-05a1-41a5-8846-cf0eabe83f68,restaurant.so,resell,,,high,low,10,SOSTEC TECHNOLOGIES_LR,20/06/2024 04:48,20/06/2026 04:48,
cf4561dd-d236-4c2e-8118-2ee2c940528d,cuisine.trade,premium,362.45,51.95,high,low,7,spaceship,,,08/10/2026 23:02
5b45ae7a-79cb-4b94-895e-acb32aa7e4bb,meal.motorcycles,available,1.99,17.29,high,low,4,namesilo,,,25/09/2026 09:17
7e7b1986-6558-47a2-9619-e3ff5f5fde53,cuisine.bike,available,5.98,55.48,high,low,7,namecheap,,,08/10/2026 23:02
7fbb50f6-5f73-4ab7-9f0c-3fd3bc0e59fe,meal.tennis,available,65.99,65.99,high,low,4,namesilo,,,25/09/2026 09:17
fdd618a0-8707-4808-acbe-e9df0bb9ead4,cuisine.mortgage,available,48.2,48.2,high,low,7,cloudflare,,,08/10/2026 23:02
2814bbc7-03a8-4707-a7f3-ecb27f25c58f,restaurant.porn,available,53.72,101.87,high,low,10,dynadot,,,06/10/2026 09:09
d53fd8b3-e079-482e-84e0-6885527f15da,kitchen.us,resell,,,high,low,7,"GoDaddy.com, LLC",24/04/2002 14:07,23/04/2027 23:59,30/09/2026 01:38
a715e008-1c4a-410b-96f0-6350f89ba76b,cuisine.food,premium,640,640,high,low,7,namesilo,,,08/10/2026 23:02
3ef32ce5-3657-44e9-81ae-f4a64b48b052,restaurant.engineering,premium,260,260,high,low,10,namecheap,,,06/10/2026 09:09
c788879a-3586-4e60-9c21-7c4080d7647d,cooking.co,premium,640,640,high,low,7,namesilo,,,08/10/2026 08:31
eeb55e2d-ef84-4feb-bef8-0279ea418c3e,cuisine.works,available,4.5,35.53,high,low,7,dynadot,,,08/10/2026 23:02
902e9a76-4b3c-47ed-a1f4-ccb6a40ad67e,drink.fans,premium,640,640,high,low,5,namesilo,,,08/10/2026 08:25
61c359c9-9bc7-41bb-a70a-fe836b00cb8e,drink.pw,premium,550,1100,high,low,5,dynadot,,,08/10/2026 08:25
d284d7c3-a7f3-4729-82c7-66e01c9c1efc,beverage.toys,available,17,53.72,high,low,8,unstoppable,,,07/10/2026 00:20
935bd69d-4f68-4688-9fb5-3dfa792fc85a,cooking.kitchen,resell,,,high,low,7,"Global Domains International, Inc. DBA DomainCostClub.com",07/01/2016 07:50,07/01/2027 07:50,08/10/2026 08:31
d62dd86b-3e7c-4784-8ba5-47db729274ae,drink.dev,premium,340.72,340.72,high,low,5,spaceship,,,08/10/2026 08:25
8aa21abc-35e5-421a-816a-7ba900382516,cuisine.fund,available,14.99,71.99,high,low,7,namesilo,,,08/10/2026 23:02
6a32b196-3646-4242-81de-5019332fb095,restaurant.audio,available,100.2,100.2,high,low,10,cloudflare,,,06/10/2026 09:09
03a85320-d700-4465-9222-f7f4d3e445f3,meal.apartments,available,60.98,72.98,high,low,4,namecheap,,,25/09/2026 09:17
16c9fab8-4218-4e3d-9800-b5aff6ff42bc,cuisine.miami,premium,5520,21.24,high,low,7,namesilo,,,08/10/2026 23:02
3e2da72d-3b99-4ad6-84cb-d14b6bab7f8e,restaurant.moi,available,25.99,25.99,high,low,10,namesilo,,,06/10/2026 09:09
e4d5e2a8-b882-4ff8-8938-6c04655c3bff,cuisine.bingo,available,53.99,53.99,high,low,7,namesilo,,,08/10/2026 23:02
0368350d-5c3c-45bd-a191-3aaee7d24a7a,cuisine.id,available,20.75,20.75,high,low,7,namesilo,,,08/10/2026 23:02
498838a7-217c-4862-a762-958a1e759cb7,drink.consulting,available,42.2,42.2,high,low,5,cloudflare,,,08/10/2026 08:25
c9cade56-ba38-4deb-b475-e231992669c6,cuisine.fm,resell,99,,high,low,7,"NameCheap, Inc.",25/06/2026 11:02,25/06/2027 23:59,08/10/2026 23:02
1280cba7-cc72-4547-a3a6-2c6140386811,beverage.moe,available,13.99,13.99,high,low,8,namesilo,,,07/10/2026 00:20
11f95d66-1b18-43cc-9cdb-e5fabe69ebd2,cuisine.support,available,21.2,21.2,high,low,7,cloudflare,,,08/10/2026 23:02
db85e524-bd71-4fad-a7c4-a6b544e18102,beverage.id,resell,,,high,low,8,PT Core Mediatech,18/06/2018 07:01,18/06/2027 23:59,07/10/2026 00:20
6e42e897-6367-45bf-bd59-a92c229c2701,beverage.lawyer,premium,207.2,207.2,high,low,8,spaceship,,,07/10/2026 00:20
ddc96a8f-a05e-4e0b-a4c1-623b264be328,beverage.sucks,available,218.99,218.99,high,low,8,namesilo,,,07/10/2026 00:20
4f798326-339c-4b24-8da2-15f33d814fec,restaurant.movie,available,40.98,446.98,high,low,10,namecheap,,,06/10/2026 09:09
2d330c95-ec72-4961-b67a-9b740fba158d,restaurant.theater,available,67.98,80.98,high,low,10,namecheap,,,06/10/2026 09:09
32339943-99ac-4dc3-af5f-a4659edf1f4c,beverage.limo,available,43.67,43.67,high,low,8,spaceship,,,07/10/2026 00:20
0f1ab55d-3560-4fa6-b4b2-3ea32108beb8,cooking.catering,premium,207.2,207.2,high,low,7,spaceship,,,08/10/2026 08:31
77cda8ad-bf7f-40c2-b025-3c76b01df1e0,meal.group,resell,,,high,low,4,Alibaba Cloud Computing Ltd. d/b/a HiChina (www.net.cn),24/03/2026 04:59,24/03/2027 04:59,26/09/2026 07:29
69d29bbc-f886-4a12-95e1-fd9334afdeff,chef.pizza,premium,520,520,high,low,4,namecheap,,,24/09/2026 14:14
51515a64-5be3-4dca-9ede-ff4f6fb3a271,restaurant.hot,premium,116,116,high,low,10,namesilo,,,06/10/2026 09:09
b53ae348-93ee-4af3-a339-fb770b41a6cf,cooking.hamburg,available,69.98,73.98,high,low,7,namecheap,,,08/10/2026 08:31
6cdfb987-4cc3-487c-bc09-36aee192dc69,cooking.ninja,premium,200.5,242,high,low,7,unstoppable,,,08/10/2026 08:31
60168a78-2e20-45df-a5c5-a2f547818b07,cuisine.energy,available,90.2,90.2,high,low,7,cloudflare,,,08/10/2026 23:02
9de633a5-4434-4a65-aa8e-984103412df1,beverage.tienda,available,59.99,59.99,high,low,8,namesilo,,,07/10/2026 00:20
3ba65f40-a618-4430-9e4a-1d6188ae1a2e,restaurant.tattoo,available,2.99,34.99,high,low,10,namesilo,,,06/10/2026 09:09
e1ba2d1e-7570-4268-bb93-af8b4a6f4954,meal.photo,premium,116,116,high,low,4,namesilo,,,25/09/2026 09:17
bdfd0323-10bf-4ae6-8325-6d519782f5a0,drink.co,resell,,,high,low,5,"GoDaddy.com, LLC",22/04/2010 17:03,21/04/2027 23:59,08/10/2026 08:25
bf258cde-764e-4c5c-a305-61344f94ae6a,restaurant.diy,premium,640,640,high,low,10,namesilo,,,06/10/2026 09:09
b4c8a6bf-8df6-44a4-99b0-1e6583159fc2,cuisine.repair,available,12.99,36.99,high,low,7,namesilo,,,08/10/2026 23:02
0c2638dd-b818-4fb0-98c2-faca9ad98481,meal.diy,premium,302.5,302.5,high,low,4,namesilo,,,25/09/2026 09:17
fc2af4da-54ba-4076-9413-77b256e727e0,cuisine.surgery,available,54.99,54.99,high,low,7,namesilo,,,08/10/2026 23:02
bbc7f544-29f1-4460-8e35-3c7e7b0b72bd,cooking.salon,available,44.2,44.2,high,low,7,cloudflare,,,08/10/2026 08:31
98310751-25b9-4520-9442-7ca80964a3c0,beverage.film,available,65.99,65.99,high,low,8,namesilo,,,07/10/2026 00:20
6a76722f-4334-452a-8f48-36ff750a8355,cuisine.credit,available,11,80.2,high,low,7,unstoppable,,,08/10/2026 23:02
81524fbe-b11a-48d5-a327-60fbac0f0ddf,beverage.immobilien,available,30.22,30.22,high,low,8,spaceship,,,07/10/2026 00:20
d51e0352-eb03-4afe-a1db-925b4c5c7154,restaurant.work,premium,3450,11.8,high,low,10,namesilo,,,06/10/2026 09:09
b2a80d89-353c-4b0a-8c0f-b8046ec457cc,kitchen.fish,premium,118.8,118.8,high,low,7,namesilo,,,30/09/2026 01:38
adf6f880-7cc5-472e-9d2a-1a5bc38c7739,restaurant.zip,premium,76.7,76.7,high,low,10,namecheap,,,06/10/2026 09:09
0f6e7e1d-f497-4894-b713-f519e2fce5ce,drink.city,resell,,,high,low,5,"Spaceship, Inc.",18/06/2017 21:12,18/06/2027 21:12,08/10/2026 08:25
2b96355e-3c02-47b4-9b6e-a7fee7fd59f8,beverage.red,available,9.48,28.48,high,low,8,namecheap,,,07/10/2026 00:20
d3947daf-2d13-40cb-b156-023efb3c926e,kitchen.plumbing,premium,500,,high,low,7,name.com,,,30/09/2026 01:38
47f70f1d-8839-4e56-bc36-f1893a714132,meal.tickets,available,393.98,608.98,high,low,4,namecheap,,,25/09/2026 09:17
a49555a4-4f71-4788-aa5b-2d5decdeaee3,beverage.education,available,34.99,34.99,high,low,8,namesilo,,,07/10/2026 00:20
89b3c46a-8d51-439b-a727-6fe0f466664f,cuisine.limo,available,10.92,45.16,high,low,7,dynadot,,,08/10/2026 23:02
c4fc9561-7860-4782-abbd-f5dab624cd0e,beverage.cam,available,1.7,14.69,high,low,8,spaceship,,,07/10/2026 00:20
a7602cb7-b71d-40cd-84c3-2edf1da4b7fb,drink.mx,resell,,,high,low,5,"Namecheap, Inc.",17/10/2019 00:00,17/10/2027 00:00,08/10/2026 08:25
7c1b8007-980d-40c8-a6bf-8eb1f9d32e54,cuisine.moda,available,33.32,33.32,high,low,7,spaceship,,,08/10/2026 23:02
f610cb18-aeab-4ad3-b294-67be4d3653d9,restaurant.faith,available,11.99,11.99,high,low,10,namesilo,,,06/10/2026 09:09
dceda5b7-32ec-48a5-b51e-168ddaf86576,meal.black,available,27.99,64.99,high,low,4,namesilo,,,25/09/2026 09:17
76aadf45-6f47-4941-9f0b-87a43ee57b15,meal.marketing,available,8.99,41.99,high,low,4,namesilo,,,25/09/2026 09:17
4fa97ddb-19a9-4947-99bd-5c1cf02eedb5,cooking.luxury,premium,2600,2600,high,low,7,namecheap,,,08/10/2026 08:31
00464745-5572-4788-a7a8-8daf1895a9b3,meal.theater,available,65.99,65.99,high,low,4,namesilo,,,25/09/2026 09:17
a79c88a2-d72e-4106-986c-a4fbfb9fc9c2,meal.airforce,available,109.98,134.98,high,low,4,namecheap,,,25/09/2026 09:17
d051d8d3-1986-4816-ab84-3bcbf201d490,beverage.cash,available,12,50.98,high,low,8,unstoppable,,,07/10/2026 00:20
1dcb9653-88e4-4b25-b046-c5c562bf2377,beverage.lgbt,available,14.99,79.99,high,low,8,namesilo,,,07/10/2026 00:20
e91897f3-c364-4a84-88b2-998f500273a6,meal.new,available,488.98,601.98,high,low,4,namecheap,,,25/09/2026 09:17
fc0108d2-dfb7-4f88-9470-1e5c00d2e948,beverage.town,available,8.99,36.49,high,low,8,namesilo,,,07/10/2026 00:20
396f8b05-90c6-4e2c-9deb-c6253b565456,cooking.gold,available,80.2,80.2,high,low,7,cloudflare,,,08/10/2026 08:31
746058af-029e-4e14-8187-d9c2f0397cb2,beverage.rip,available,24.98,32.98,high,low,8,namecheap,,,07/10/2026 00:20
e8289740-cadd-4627-b9ee-3bb74637adde,meal.melbourne,available,58,58,high,low,4,namesilo,,,25/09/2026 09:17
90120272-613b-4f39-87f5-c4dbada829bf,cooking.inc,premium,1604.45,2070.2,high,low,7,spaceship,,,08/10/2026 08:31
46f1363a-53e5-4455-9f84-61d46463b981,restaurant.click,resell,,,high,low,10,"Dynadot, LLC",25/11/2014 16:00,25/11/2026 16:00,06/10/2026 09:09
b0787ec4-c66b-4124-ba29-7ddd28c3fd3f,cuisine.charity,available,14.99,23.99,high,low,7,namesilo,,,08/10/2026 23:02
80a23ab2-17c2-4480-892a-799ef3ee9834,drink.hospital,available,44.2,44.2,high,low,5,cloudflare,,,08/10/2026 08:25
5562753f-2450-4059-9aa3-d9216840ceb3,cooking.ltda,available,34.99,34.99,high,low,7,namesilo,,,08/10/2026 08:31
b5cc2582-db15-4c29-bc2c-5fecac9dc8f2,beverage.vana,available,2298,2498,high,low,8,namecheap,,,07/10/2026 00:20
09b52be8-023b-4219-a56a-b8d3f1b220d1,cooking.wiki,premium,672.95,672.95,high,low,7,spaceship,,,08/10/2026 08:31
6b69f987-0314-4487-b721-8cfb403d91e6,cooking.moi,available,25.99,25.99,high,low,7,namesilo,,,08/10/2026 08:31
9d31c385-5136-4518-b67c-7cf89bb58f23,cooking.dentist,available,50.2,50.2,high,low,7,cloudflare,,,08/10/2026 08:31
36d2b050-2526-480f-9aa2-1955d8aad783,restaurant.camp,premium,512,512,high,low,10,namesilo,,,06/10/2026 09:09
852b3183-7a86-4898-8fb3-fe6d11ed6d31,meal.cricket,available,23.59,23.59,high,low,4,namesilo,,,25/09/2026 09:17
b9ff2121-4ba2-43db-a219-90cd7822ba12,beverage.world,premium,118.8,118.8,high,low,8,namesilo,,,07/10/2026 00:20
1fcfaa2b-9dd2-4788-b5b5-0fa60efd23a2,drink.media,resell,,,high,low,5,"DNSPod, Inc.",19/04/2025 15:15,19/04/2027 15:15,08/10/2026 08:25
ac21d4b5-1f17-4612-a50d-71f666c6d4c1,beverage.tax,available,14.99,67.49,high,low,8,namesilo,,,07/10/2026 00:20
e4cd9db5-61d3-47aa-a3ce-8e4de51f76f6,restaurant.photo,premium,103.7,103.7,high,low,10,spaceship,,,06/10/2026 09:09
d481059e-038f-41b4-b93c-0ce286f82d82,drink.organic,available,17,85.99,high,low,5,unstoppable,,,08/10/2026 08:25
c99fb73a-5784-4051-a484-6f1a6f2f04bf,meal.cx,available,18.99,18.99,high,low,4,namesilo,,,25/09/2026 09:17
979b790e-33d5-4e86-ab0d-65ddf9f233b2,beverage.industries,premium,118.8,118.8,high,low,8,namesilo,,,07/10/2026 00:20
4de7cc90-c8fb-4a85-a60c-8804edb8bd09,pub.food,premium,724.7,1035.2,high,low,3,spaceship,,,29/09/2026 20:50
0f3bcd6c-0629-43f9-878d-36a837dd09e6,restaurant.vana,available,2070.2,2070.2,high,low,10,spaceship,,,06/10/2026 09:09
3e2a893c-fb40-482f-9711-efd3c458b3b9,kitchen.tienda,available,59.99,59.99,high,low,7,namesilo,,,30/09/2026 01:38
b9c53014-151d-497f-8363-070d330d2e8c,cuisine.vacations,premium,102.67,102.67,high,low,7,spaceship,,,08/10/2026 23:02
ed752cc1-2ed5-4296-8e80-22d915213eaa,meal.tires,available,5.99,78.99,high,low,4,namesilo,,,25/09/2026 09:17
96616628-6948-4d75-90f6-3264edc8bbd5,cooking.systems,resell,,,high,low,7,Dynadot Inc,02/09/2026 17:00,02/09/2027 17:00,08/10/2026 08:31
616deeba-9547-4c7a-b6b5-a5ab799dc3d8,restaurant.voto,available,10.92,58,high,low,10,dynadot,,,06/10/2026 09:09
0761b824-b6dc-40d5-8651-1a3d3230d98e,cuisine.lease,available,44.71,44.71,high,low,7,spaceship,,,08/10/2026 23:02
12f7ac38-8d94-473d-997d-f87ad80605a5,kitchen.space,premium,2587.7,10350.2,high,low,7,spaceship,,,30/09/2026 01:38
22303679-a76a-4566-90c4-63a3d0c4216c,restaurant.xyz,resell,,,high,low,10,"Spaceship, Inc.",28/02/2023 03:32,28/02/2027 23:59,06/10/2026 09:09
7af84353-1a99-424f-a215-a045311f1a01,cuisine.flights,available,45.2,45.2,high,low,7,cloudflare,,,08/10/2026 23:02
a39ffda2-a6f7-42e2-b4d4-10fb4b5ffc2b,cooking.cx,available,18.99,18.99,high,low,7,namesilo,,,08/10/2026 08:31
e78e0e05-de1e-42e6-ac28-8ad069b98f96,meal.living,premium,302.5,302.5,high,low,4,namesilo,,,25/09/2026 09:17
df28c787-81fd-40f3-9351-883cb14bd08a,restaurant.services,premium,520,1040,high,low,10,namecheap,,,06/10/2026 09:09
65d5459f-1805-4e75-8e2d-83c6a5e2b05a,beverage.realty,available,88.18,289.16,high,low,8,spaceship,,,07/10/2026 00:20
eb48032f-da12-49fe-94b8-d5d242eadf67,cuisine.baby,available,17.99,54.99,high,low,7,namesilo,,,08/10/2026 23:02
ff8a2724-6c70-4e80-a93d-b01c149ab822,cooking.repair,available,28.2,28.2,high,low,7,cloudflare,,,08/10/2026 08:31
8e96276f-2db0-424e-9d2b-3787d9b63927,cuisine.pink,available,13.5,25.99,high,low,7,unstoppable,,,08/10/2026 23:02
7a3482fe-1aa3-411c-835c-732467066c82,kitchen.wedding,available,32.49,32.49,high,low,7,namesilo,,,30/09/2026 01:38
1875eed5-063c-48f2-974a-6294636e286f,restaurant.expert,premium,854,854,high,low,10,namesilo,,,06/10/2026 09:09
43cbf6ca-5810-4e84-9b64-d212ebb9c5ae,drink.financial,available,15.73,46.78,high,low,5,spaceship,,,08/10/2026 08:25
e0a725d0-ea9e-4d0f-8fad-ec97ffa10188,meal.club,premium,6900,17.7,high,low,4,namesilo,,,25/09/2026 09:17
77d72e3c-e72a-426f-b07d-824b2fa4cca8,cuisine.auction,available,29.18,29.18,high,low,7,spaceship,,,08/10/2026 23:02
bb52f36b-e14e-4f84-bebd-11d882bb097c,cuisine.camp,available,49.88,49.88,high,low,7,spaceship,,,08/10/2026 23:02
525d9afe-781b-4d37-b477-328e30c507f4,restaurant.vision,premium,207.2,207.2,high,low,10,spaceship,,,06/10/2026 09:09
5183e2b3-7986-4601-8014-c11963751456,cooking.racing,available,11.99,11.99,high,low,7,namesilo,,,08/10/2026 08:31
887bacd9-310e-4fa9-8c58-6cd7e0fd39c4,cooking.clothing,available,35.98,39.98,high,low,7,namecheap,,,08/10/2026 08:31
d102059b-bec1-46f2-aa62-e6f0a174cba0,cuisine.futbol,available,5.38,13.66,high,low,7,spaceship,,,08/10/2026 23:02
1b73d28e-174a-4ff3-9726-9678b744264a,meal.army,available,18.99,39.99,high,low,4,namesilo,,,25/09/2026 09:17
5952edd0-472c-46c4-a9ed-4badf46d1b8a,cooking.black,available,17.48,92.98,high,low,7,namecheap,,,08/10/2026 08:31
2d9edf70-8627-4157-8a8d-d977f7f25a43,cooking.uno,premium,3450,3450,high,low,7,namesilo,,,08/10/2026 08:31
0933e20e-05d5-4edc-8302-233979599fc5,restaurant.ryukyu,available,17.98,22.98,high,low,10,namecheap,,,06/10/2026 09:09
a9e1a8e1-fce8-4879-ae50-0e1b11d97d26,beverage.life,resell,,,high,low,8,"Chengdu West Dimension Digital Technology Co., Ltd.",22/02/2019 07:14,22/02/2027 07:14,07/10/2026 00:20
bff716d5-89b7-4a18-b19d-0520881d460f,drink.careers,available,28.98,99.98,high,low,5,namecheap,,,08/10/2026 08:25
843a95fe-0c9f-455a-b168-f3687fa82ae9,cooking.phd,premium,1688.7,1688.7,high,low,7,namecheap,,,08/10/2026 08:31
f95ec5ce-49db-471f-acdc-30e72e3d78db,cuisine.band,available,15.73,25.04,high,low,7,spaceship,,,08/10/2026 23:02
8e4073d9-c7d1-4c85-b79c-c17d0fbb7080,kitchen.ooo,available,24.99,24.99,high,low,7,namesilo,,,30/09/2026 01:38
3873de2e-6fdb-487c-9c93-91acb2dccde0,kitchen.green,premium,517.7,517.7,high,low,7,spaceship,,,30/09/2026 01:38
dc5d6aca-9be8-4461-9918-5811738931d8,cooking.furniture,available,80.2,80.2,high,low,7,cloudflare,,,08/10/2026 08:31
a36cd4d0-d943-4966-9b48-063efa45fa92,cuisine.fan,available,42.2,42.2,high,low,7,cloudflare,,,08/10/2026 23:02
7ff71f78-62d1-4ceb-9816-b4b0c5520671,beverage.spot,premium,100.5,130,high,low,8,unstoppable,,,07/10/2026 00:20
6bce2826-abe1-4c62-b76a-639b8c9e9435,restaurant.inc,premium,2061.5,2660,high,low,10,namesilo,,,06/10/2026 09:09
1af32d60-ad88-41df-af41-e69da88eac45,restaurant.domains,premium,242,242,high,low,10,namesilo,,,06/10/2026 09:09
14f01300-88ce-4aa1-936b-40487100592b,beverage.money,available,27.2,27.2,high,low,8,cloudflare,,,07/10/2026 00:20
469d28d8-f500-46e8-8ec0-f02afe174262,cuisine.cab,available,26.08,26.08,high,low,7,spaceship,,,08/10/2026 23:02
86e49b03-2a46-40fd-af1e-81393708af72,cooking.football,available,20.9,20.9,high,low,7,spaceship,,,08/10/2026 08:31
f1bf18f1-afe7-44ac-9b23-05eb42fa8f92,cuisine.bar,premium,230.4,230.4,high,low,7,namesilo,,,08/10/2026 23:02
633fec4b-49a9-4c6a-8b8e-cd2b112b11b2,drink.university,available,62.99,62.99,high,low,5,namesilo,,,08/10/2026 08:25
d9b23c73-cb13-41f8-8a97-b2bafaaa99af,kitchen.cruises,available,95.99,95.99,high,low,7,godaddy,,,30/09/2026 01:38
73416574-e705-43e1-b67d-d7c81483bd72,beverage.cool,available,9,35.2,high,low,8,unstoppable,,,07/10/2026 00:20
fe6238ca-9a2a-4f09-ad9d-e0d3e6dbd0b0,cuisine.vet,available,33.32,33.32,high,low,7,spaceship,,,08/10/2026 23:02
2d356860-0ef2-4c04-8485-d948fb047353,kitchen.press,premium,302.5,302.5,high,low,7,namesilo,,,30/09/2026 01:38
b3961ded-9e6b-4263-b11e-7f03f14212a9,cuisine.org,resell,,,high,low,7,"GoDaddy.com, LLC",19/05/2004 19:06,19/05/2035 19:06,08/10/2026 23:02
68ed98d6-de86-49d3-be03-1d89b25be922,drink.college,available,1.18,51.95,high,low,5,spaceship,,,08/10/2026 08:25
d0b4ec6e-ff47-4ea8-b5c1-8d0f550f8959,beverage.voto,available,11.98,86.98,high,low,8,namecheap,,,07/10/2026 00:20
530b0f90-6c46-4f0e-9c34-c4882859e8ca,meal.tax,available,14.99,67.49,high,low,4,namesilo,,,25/09/2026 09:17
1437e1a3-2f66-47ec-b1f4-ddffaa99512e,cooking.management,available,20.2,20.2,high,low,7,cloudflare,,,08/10/2026 08:31
1d238f90-1eee-4da9-9b8f-c895b7651df5,cooking.rentals,premium,118.8,118.8,high,low,7,namesilo,,,08/10/2026 08:31
808ece34-27de-4ca6-a952-b8d037c32eae,drink.fitness,available,8.5,33.32,high,low,5,unstoppable,,,08/10/2026 08:25
6f462f7a-d423-495b-ada5-198dca5aabbb,drink.futbol,available,5.98,8.48,high,low,5,namecheap,,,08/10/2026 08:25
a1e854fa-de00-4fc1-9972-fe8ee2241216,chef.tech,premium,6900,6900,high,low,4,namesilo,,,24/09/2026 14:14
8b25b5b2-c3a8-49fd-b3cd-0c144a87abc4,beverage.moi,available,25.99,25.99,high,low,8,namesilo,,,07/10/2026 00:20
d7df7445-d055-44ca-8c79-6f742f005e1a,cuisine.solar,available,51.95,51.95,high,low,7,spaceship,,,08/10/2026 23:02
a335d40d-7419-4cde-b606-76e5d3731dc8,beverage.eco,available,47.81,59.71,high,low,8,spaceship,,,07/10/2026 00:20
91e2a712-3a03-43c6-afe7-8ed1d53e1b73,drink.shoes,available,64.99,64.99,high,low,5,namesilo,,,08/10/2026 08:25
9332b09a-af25-40aa-9d34-c20c69e16899,kitchen.productions,premium,118.8,118.8,high,low,7,namesilo,,,30/09/2026 01:38
3c916590-2006-4b38-a39a-d7da9d0f67f3,meal.express,available,12.49,39.99,high,low,4,namesilo,,,25/09/2026 09:17
7b0b4cf5-114a-4387-9a9a-b60eb5fa0bce,beverage.dealer,premium,1692.6,2183.84,high,low,8,porkbun,,,07/10/2026 00:20
6fe5626d-e0ae-4786-a4b3-19774de9a7e3,cuisine.markets,available,5.38,15.73,high,low,7,spaceship,,,08/10/2026 23:02
4b2b13dc-6ec8-4d40-a41a-a5ca60ba5660,restaurant.kim,premium,1035.2,1035.2,high,low,10,spaceship,,,06/10/2026 09:09
b7149d0b-3b98-4224-af81-12f0717dad23,kitchen.coupons,available,3.99,93.99,high,low,7,godaddy,,,30/09/2026 01:38
6e0d8d58-cf70-4283-ae78-53fc342b9bee,kitchen.mobile,premium,310.7,310.7,high,low,7,spaceship,,,30/09/2026 01:38
430427ef-308c-40d1-9eaa-f3b7bd032e79,drink.supplies,available,24.99,24.99,high,low,5,namesilo,,,08/10/2026 08:25
c79df483-eb79-4d94-bdc3-82cd57f4f8e4,eatery.food,available,30.2,30.2,high,low,6,cloudflare,,,05/10/2026 05:29
48c91c9b-e85f-4f36-ab99-fbd0acc889c4,restaurant.cfd,premium,384,768,high,low,10,namesilo,,,06/10/2026 09:09
6f6025ad-1eed-4401-bc5e-00f93c2ca0c7,cooking.dating,premium,118.8,118.8,high,low,7,namesilo,,,08/10/2026 08:31
2e1bc667-e1ba-44c3-a8fb-85e28e023a72,drink.degree,available,8.24,43.02,high,low,5,dynadot,,,08/10/2026 08:25
9dbeddb2-88af-41d0-86cb-1e09445eef92,cuisine.mom,available,1.99,27.99,high,low,7,namesilo,,,08/10/2026 23:02
1059630c-ca39-43ec-99e4-f414bf96c467,beverage.casa,available,2.19,12.99,high,low,8,namesilo,,,07/10/2026 00:20
fc5617b4-c77a-4ff7-9272-7b7778314d38,beverage.voting,available,978.6,978.6,high,low,8,dynadot,,,07/10/2026 00:20
f3953b11-91a7-4c90-83a9-ea433a1209ba,meal.voting,available,1398,1448,high,low,4,namecheap,,,25/09/2026 09:17
77e9db23-fd68-4032-aa80-0adc3077e0c4,cooking.spot,premium,517.7,517.7,high,low,7,spaceship,,,08/10/2026 08:31
c7532996-1aa3-49f9-accc-c6726512fb5b,cuisine.systems,available,10.55,28.15,high,low,7,spaceship,,,08/10/2026 23:02
e472b753-21e8-4432-b9ef-7262fd0ff8c0,cuisine.industries,available,35.2,35.2,high,low,7,cloudflare,,,08/10/2026 23:02
24a42e04-45af-4b06-b583-07789f070a87,cuisine.university,available,62.99,62.99,high,low,7,namesilo,,,08/10/2026 23:02
6693e08e-d1ec-41eb-94cc-88f9f7b0c8b0,cuisine.attorney,available,65.98,76.98,high,low,7,namecheap,,,08/10/2026 23:02
711a320e-827c-46ac-9252-a912ed9a81aa,kitchen.observer,premium,873.85,873.85,high,low,7,porkbun,,,30/09/2026 01:38
0f1d27b0-7613-4146-838c-94e866e850e2,cuisine.spot,premium,116,116,high,low,7,namesilo,,,08/10/2026 23:02
6c0ae577-d8e2-4525-a391-278d5b083c7f,cooking.estate,available,15.99,38.99,high,low,7,namesilo,,,08/10/2026 08:31
d22e705f-67e6-4246-9702-64840d854337,kitchen.law,available,159.99,159.99,high,low,7,godaddy,,,30/09/2026 01:38
80d526a8-81e5-421d-b96b-eba17bed8b80,cuisine.directory,available,4.34,21.94,high,low,7,spaceship,,,08/10/2026 23:02
c93deeec-a211-409a-b7cc-6652a4963d97,cooking.rent,available,10.5,53.72,high,low,7,dynadot,,,08/10/2026 08:31
1e0d1b91-f70e-4a3c-91ab-b162c7c61d0e,restaurant.vodka,premium,414.2,26.08,high,low,10,spaceship,,,06/10/2026 09:09
03faf20b-56d7-469f-998f-ab4a3316e990,cooking.bar,premium,990,990,high,low,7,dynadot,,,08/10/2026 08:31
3cca2945-927e-48e9-933f-8f05325ea279,cooking.charity,premium,242,242,high,low,7,namesilo,,,08/10/2026 08:31
5d7de517-7980-42e6-bc86-3296473d136a,beverage.bingo,available,42.64,42.64,high,low,8,spaceship,,,07/10/2026 00:20
2fed88da-a292-4711-b027-89ced9a3b1ca,cooking.cloud,premium,1035.2,2070.2,high,low,7,spaceship,,,08/10/2026 08:31
594e4190-d31a-4da5-a820-54e9fe3e4138,cuisine.wtf,available,7,49.48,high,low,7,unstoppable,,,08/10/2026 23:02
3dfe4f97-29a2-4e30-a5e0-110efadb3a1a,kitchen.car,available,2519.99,3999.99,high,low,7,godaddy,,,30/09/2026 01:38
fa3b78f5-2273-4f78-b480-f86e8bf92176,restaurant.fashion,available,32.49,32.49,high,low,10,namesilo,,,06/10/2026 09:09
74c3e515-d0c9-4083-bac2-43ab8e99b774,cooking.moda,available,33.32,33.32,high,low,7,spaceship,,,08/10/2026 08:31
ed307197-5612-4e24-809d-126afee39c49,chef.archi,available,19.99,103.99,high,low,4,namesilo,,,24/09/2026 14:14
ee57f61b-9c0a-4d46-9ec0-c77f3bd8bc3f,cuisine.rip,available,18.83,18.83,high,low,7,spaceship,,,08/10/2026 23:02
977f7e33-52a1-4365-81b6-e093f1e94ad9,cooking.hiv,available,195.99,195.99,high,low,7,namesilo,,,08/10/2026 08:31
6f9c3146-3934-452e-97c0-10dad2a12f73,kitchen.xyz,premium,2587.7,2587.7,high,low,7,spaceship,,,30/09/2026 01:38
44c2afc0-2184-4a4a-97ab-e3dc4174bfb4,drink.toys,available,13.14,51.95,high,low,5,spaceship,,,08/10/2026 08:25
dd0f9cd3-2077-44ec-beb1-af990c35c6ac,beverage.equipment,available,22.97,22.97,high,low,8,spaceship,,,07/10/2026 00:20
d0980e6b-a742-4a08-8271-4e6ffda75b68,beverage.rentals,available,10.99,44.49,high,low,8,namesilo,,,07/10/2026 00:20
938b67cd-0026-4b8c-9beb-920603add76e,drink.estate,available,15,32.21,high,low,5,unstoppable,,,08/10/2026 08:25
692da5b0-a06c-4d91-9bc1-5393e56b5c7f,beverage.build,available,26.97,26.97,high,low,8,dynadot,,,07/10/2026 00:20
f47151d4-489f-4059-954d-c7c6283dc3b8,cuisine.capital,available,7.96,57.13,high,low,7,spaceship,,,08/10/2026 23:02
513a747d-a7a4-4e5d-b1ab-03a4ebba9568,cuisine.loans,available,15.73,93.35,high,low,7,spaceship,,,08/10/2026 23:02
7c8d91a3-917a-48b9-8dc8-67ce1dc3baa2,cooking.company,resell,,,high,low,7,Dynadot Inc,31/12/2019 23:31,31/12/2026 23:31,08/10/2026 08:31
af7f4ea3-6736-4bd4-9cbb-2f120914a69d,drink.lighting,available,18.83,18.83,high,low,5,spaceship,,,08/10/2026 08:25
e54209a0-8344-46f1-a739-553704516c89,meal.autos,available,1.99,17.29,high,low,4,namesilo,,,25/09/2026 09:17
51157dfc-056a-4002-a772-4637264b718f,meal.eco,premium,4535.05,74.75,high,low,4,namecheap,,,25/09/2026 09:17
29cf71ac-44ce-4e86-93a3-0ec77b2b5b6a,drink.singles,available,3.98,36.98,high,low,5,namecheap,,,08/10/2026 08:25
3585b83e-c5a2-4a01-bbbb-08adf97f568f,restaurant.mba,available,17,39.99,high,low,10,unstoppable,,,06/10/2026 09:09
43e8c0eb-7cc0-488f-a4f0-4e9240ffc40f,restaurant.immo,premium,108.9,108.9,high,low,10,dynadot,,,06/10/2026 09:09
eab30aa0-0353-43e7-9564-61a621a423dc,restaurant.legal,available,57.13,57.13,high,low,10,spaceship,,,06/10/2026 09:09
59a059da-f961-4b34-9623-c4a03c1c41cd,restaurant.technology,resell,,,high,low,10,"GoDaddy.com, LLC",30/01/2026 17:05,30/01/2027 17:05,06/10/2026 09:09
fda4dfda-6b37-449c-a12d-c68acb167ca1,restaurant.place,premium,51.43,102.67,high,low,10,spaceship,,,06/10/2026 09:09
c33900eb-27a0-4eb0-b5ca-4c33fdd6928e,cooking.careers,available,34.99,71.99,high,low,7,namesilo,,,08/10/2026 08:31
5789d5d5-ef51-4d47-b6aa-1b9d9112f160,restaurant.pet,resell,,,high,low,10,"Spaceship, Inc.",16/08/2026 17:01,16/08/2027 17:01,06/10/2026 09:09
a6667ddb-0d08-4dfe-831e-22cdd4c42de9,beverage.voyage,available,46.78,46.78,high,low,8,spaceship,,,07/10/2026 00:20
dccd534f-5754-452b-a956-f20b61f2e8b4,drink.photo,available,29.99,29.99,high,low,5,namesilo,,,08/10/2026 08:25
075650d6-942d-45d9-b030-943c148a359e,drink.education,available,34.99,34.99,high,low,5,namesilo,,,08/10/2026 08:25
03feab4a-ee5c-4158-b4a5-37dc372dc081,meal.link,premium,960,960,high,low,4,namesilo,,,25/09/2026 09:17
0b46ba9b-451f-4bd2-b0d2-783cfa6c6e01,meal.talk,premium,650,650,high,low,4,namecheap,,,25/09/2026 09:17
4761cd5d-5b8a-4e1f-952e-ae4215b5748b,restaurant.center,resell,,,high,low,10,"Spaceship, Inc.",31/05/2024 15:15,31/05/2027 15:15,06/10/2026 09:09
45bb19a6-2c82-474c-9ec3-4e9d03f02a44,drink.exposed,available,17.8,17.8,high,low,5,spaceship,,,08/10/2026 08:25
f7307954-0f8e-400f-9126-fc0288532984,cuisine.fish,available,34.2,34.2,high,low,7,cloudflare,,,08/10/2026 23:02
95821713-c5ba-45e8-b174-50eb52e08e4f,restaurant.creditcard,premium,207.2,207.2,high,low,10,spaceship,,,06/10/2026 09:09
615f450e-d20f-4006-8ab9-3bc885999ffe,cuisine.new,available,412.2,412.2,high,low,7,spaceship,,,08/10/2026 23:02
7d690d94-56b9-468f-983a-9141007fe4b8,cuisine.coupons,available,2.98,66.98,high,low,7,namecheap,,,08/10/2026 23:02
1ff64309-d9a3-4b84-a972-9ec66e27dd21,kitchen.kaufen,available,23.2,23.2,high,low,7,cloudflare,,,30/09/2026 01:38
46587db4-16ed-46e5-a9e3-1fa273e4774d,kitchen.page,premium,623.75,,high,low,7,name.com,,,30/09/2026 01:38
4ff7ce88-53e9-46c1-8022-a3caf2a761b9,kitchen.company,resell,,,high,low,7,"Spaceship, Inc.",23/08/2020 08:15,23/08/2027 08:15,30/09/2026 01:38
d323a0bb-5976-4cac-932c-a5307410d80f,cooking.cfd,premium,155.45,310.7,high,low,7,spaceship,,,08/10/2026 08:31
ef1535af-6ca4-4f77-a8ae-095f83300457,cuisine.voting,available,1398,1448,high,low,7,namecheap,,,08/10/2026 23:02
e0d0cf50-e87d-4576-8ab5-c73634127565,cuisine.florist,available,25.2,25.2,high,low,7,cloudflare,,,08/10/2026 23:02
c556b3cf-33d7-42c8-aae5-0aa152426c51,kitchen.vote,available,23.98,119.98,high,low,7,namecheap,,,30/09/2026 01:38
8468ae75-b7ce-47e8-99ab-64b4398f8f9d,meal.mov,premium,323.7,323.7,high,low,4,namecheap,,,25/09/2026 09:17
a856fb74-cb71-4565-9674-d5ac2ff138dc,cuisine.cleaning,available,75.49,75.49,high,low,7,namesilo,,,08/10/2026 23:02
85082f25-b7bf-439b-9aa0-ddd6de2055b8,kitchen.live,resell,,,high,low,7,"Chengdu West Dimension Digital Technology Co., Ltd.",26/06/2016 08:51,26/06/2028 08:51,30/09/2026 01:38
e92ce1e6-8e0a-4c7f-972d-bbac236e3c3c,dining.rest,premium,1152,1152,high,low,6,namesilo,,,29/09/2026 15:00
95391228-d144-43e9-a74a-f87536c6cef9,drink.fun,premium,3450,3450,high,low,5,namesilo,,,08/10/2026 08:25
9df6cad2-7e82-462d-b89b-88da43c8aab0,kitchen.group,resell,,,high,low,7,Alibaba Cloud Computing Ltd. d/b/a HiChina (www.net.cn),08/06/2016 16:00,08/06/2030 16:00,30/09/2026 01:38
1c3b06ad-cb7c-4bbe-bc21-c4294662bfb5,drink.inc,premium,2061.5,2660,high,low,5,namesilo,,,08/10/2026 08:25
023d1d1f-6631-42a2-bdb2-2c03dca5ebe8,chef.coupons,available,5.99,54.99,high,low,4,namesilo,,,24/09/2026 14:14
c3af14ab-4491-4d07-b48f-307b1bf5547e,cuisine.watch,available,2.79,35.39,high,low,7,spaceship,,,08/10/2026 23:02
66ca0a9f-b7c2-4697-baa3-7dc399197d4b,cuisine.pub,available,31.2,31.2,high,low,7,cloudflare,,,08/10/2026 23:02
5237c4e3-0ee3-403c-8340-152b8c2e3c82,beverage.ai,resell,,,high,low,8,Dynadot Inc,17/05/2022 13:41,17/05/2028 13:41,07/10/2026 00:20
2e606a82-fb23-4153-9c14-2b5e008114ec,cuisine.services,resell,,,high,low,7,"GoDaddy.com, LLC",11/08/2026 20:13,11/08/2027 20:13,08/10/2026 23:02
f580accc-3f92-465f-814e-2efa6dc47cb5,eatery.rest,premium,326.23,465.95,high,low,6,spaceship,,,05/10/2026 05:29
dc6c241e-40ba-4276-959e-c7994ca7cd26,beverage.gripe,available,5.38,5.38,high,low,8,spaceship,,,07/10/2026 00:20
020f4f15-7f39-4a9e-a36c-774c04d9e240,cooking.coach,premium,242,242,high,low,7,namesilo,,,08/10/2026 08:31